Date,MMM,ABT,ABBV,ABMD,ACN,ATVI,ADBE,AMD,AAP,AES,AMG,AFL,A,APD,AKAM,ALK,ALB,ARE,ALXN,ALGN,ALLE,AGN,ADS,LNT,ALL,GOOGL,GOOG,MO,AMZN,AMCR,AEE,AAL,AEP,AXP,AIG,AMT,AWK,AMP,ABC,AME
20181106,195.3,70.96,83.66,389.85,159.42,64.25,240.56,20.68,168.09,16.01,115.66,43.99,65.98,158.09,69.83,64.6,107.79,123.24,123.22,229.37,89.11,165.21,207.54,43.36,91.03,1069.57,1055.81,64.87,1642.81,,65.07,35.17,74.45,104.98,44.9,156.16,89.1,127.55,84.0,74.64
20181107,201.29,72.5,86.96,412.1,163.87,65.09,253.43,21.84,170.51,15.6,117.66,45.06,68.26,160.98,71.55,66.19,107.99,125.31,127.18,245.31,89.77,169.61,212.83,43.83,92.52,1108.24,1093.39,65.37,1755.49,,66.04,36.97,75.13,107.31,44.43,156.95,90.09,129.57,86.54,75.24
20181108,204.07,72.96,87.73,413.85,164.5,62.79,249.96,21.2,172.45,15.67,117.0,45.21,67.79,161.25,72.18,65.71,105.87,125.11,127.18,245.67,90.42,169.31,212.92,43.83,93.7,1094.63,1082.4,65.37,1754.91,,66.3,36.86,74.17,108.5,44.25,159.36,88.89,129.8,89.17,74.97
20181109,201.1,72.79,88.79,405.17,165.15,55.01,244.84,21.03,171.18,15.52,115.24,45.04,67.27,159.9,70.94,65.97,102.38,124.46,123.44,235.96,89.39,165.52,208.26,44.61,93.72,1077.02,1066.15,63.42,1712.43,,67.32,36.22,75.32,108.28,43.82,160.14,89.61,127.66,88.86,74.45
20181112,197.04,70.56,89.69,337.86,162.44,53.89,236.67,19.03,167.06,15.52,112.55,44.44,64.5,157.49,69.08,65.76,98.07,123.93,118.6,217.29,88.59,163.87,203.7,45.19,91.56,1049.36,1038.63,61.2,1636.85,,68.39,36.86,76.2,106.49,42.47,161.03,91.28,125.06,89.92,72.74
20181113,198.37,69.49,88.22,330.63,161.45,52.55,238.74,19.61,184.72,15.41,111.38,44.37,64.34,158.05,69.19,67.58,99.2,123.32,118.52,219.32,88.87,162.65,205.27,45.12,91.38,1047.97,1036.05,60.0,1631.17,,68.83,37.78,76.43,107.86,42.16,161.31,91.14,126.48,91.31,72.81
20181114,198.06,69.41,88.31,312.56,160.29,51.6,235.22,20.81,177.68,15.24,111.07,43.95,63.47,157.21,68.41,67.21,99.94,123.84,116.11,219.99,87.11,157.72,199.74,44.66,88.64,1054.58,1043.66,59.1,1599.01,,68.74,38.11,76.13,107.77,41.94,163.41,90.38,124.87,89.58,72.97
20181115,204.91,70.73,90.14,320.78,162.49,53.56,239.95,21.49,179.05,15.42,113.29,44.27,64.72,160.64,69.46,67.71,102.7,121.83,119.68,222.77,88.46,159.37,197.9,45.12,89.29,1071.05,1064.71,57.28,1619.44,,69.39,37.82,76.79,109.6,42.69,162.13,92.08,126.66,89.15,74.4
20181116,209.0,72.04,91.53,319.78,165.0,50.94,238.89,20.66,179.21,15.51,113.36,44.57,64.99,163.86,69.87,67.99,100.98,122.83,118.62,225.41,89.27,157.39,198.04,45.25,89.5,1068.27,1061.49,56.78,1593.41,,69.3,36.75,77.02,109.46,42.94,163.98,93.25,126.53,88.75,74.38
20181119,205.58,70.54,89.48,299.83,162.77,49.14,219.69,19.11,177.75,15.38,110.1,45.37,62.61,159.89,68.27,67.3,99.61,122.09,115.06,204.43,89.44,156.04,192.98,45.38,88.45,1027.42,1020.0,55.68,1512.29,,69.74,35.82,77.43,108.25,43.3,166.23,93.49,125.96,90.82,72.6
20181120,200.51,69.06,88.09,302.29,158.9,49.26,219.73,19.21,171.53,14.9,106.55,44.29,67.52,157.56,66.67,67.02,95.74,120.76,116.82,210.1,88.75,153.4,192.51,45.26,88.09,1030.45,1025.76,55.63,1495.46,,69.0,35.59,77.82,106.09,43.06,160.64,93.02,122.21,88.87,71.24
20181121,198.69,68.53,86.15,301.6,156.98,50.85,225.98,18.73,174.67,15.07,109.37,44.39,67.72,159.18,67.88,68.52,95.52,121.95,118.11,215.72,89.8,154.33,196.0,44.07,88.07,1043.43,1037.61,54.39,1516.73,,67.52,36.31,75.65,106.5,43.86,160.31,91.55,123.64,87.43,72.25
20181123,196.8,68.11,85.63,299.41,156.93,50.05,225.56,19.38,177.24,15.0,109.28,44.47,68.21,157.49,67.79,69.41,96.77,121.59,118.1,218.87,89.11,153.61,194.78,43.98,87.73,1030.1,1023.88,53.72,1502.06,,67.75,37.95,75.86,105.74,43.37,160.39,92.1,123.61,87.66,71.66
20181126,199.86,68.81,86.24,311.15,158.4,50.91,231.96,20.08,177.72,15.4,112.48,44.61,69.25,158.58,68.4,68.9,96.61,122.77,119.0,223.38,89.77,153.16,200.95,44.29,88.42,1055.94,1048.62,53.21,1581.33,,67.82,38.1,75.96,109.68,43.85,161.59,92.25,127.97,88.94,72.16
20181127,200.69,69.71,87.68,313.95,159.11,50.75,232.25,21.05,179.27,15.22,110.51,44.55,69.36,156.27,67.57,70.75,95.43,122.5,120.93,220.71,90.25,152.03,193.81,44.79,87.5,1052.28,1044.41,53.79,1581.42,,68.68,38.29,76.58,110.11,43.43,162.08,92.11,126.18,89.63,71.38
20181128,204.34,72.83,88.94,335.22,162.21,51.02,249.21,21.34,178.95,15.51,113.79,45.36,71.48,158.66,69.6,74.74,96.62,124.22,122.84,235.59,92.2,154.75,199.57,44.77,89.16,1091.79,1086.23,54.95,1677.75,,68.11,38.94,76.22,112.89,44.32,162.0,92.62,132.34,91.24,73.93
20181129,204.56,73.26,89.91,331.99,161.07,52.56,249.09,21.43,177.67,15.44,111.58,45.4,71.57,159.21,68.11,72.94,96.42,122.38,123.34,228.7,91.75,155.24,196.7,44.67,88.48,1094.58,1088.3,55.94,1673.57,,67.82,38.42,76.35,111.31,43.44,162.72,92.48,127.58,90.5,73.22
20181130,207.92,74.05,94.27,332.68,164.52,49.88,250.89,21.3,177.71,15.49,111.12,45.74,72.35,160.87,68.75,73.26,96.32,124.5,123.15,229.89,91.59,156.6,200.36,45.39,89.19,1109.65,1094.43,54.83,1690.17,,68.62,40.16,77.74,112.27,43.25,164.49,95.41,129.75,88.9,73.43
20181203,208.76,74.27,93.66,343.45,166.82,46.6,255.26,23.71,177.89,15.6,111.31,46.07,74.67,166.62,70.24,72.84,98.46,125.9,125.47,235.7,93.1,158.09,199.05,45.9,88.76,1116.36,1106.43,55.73,1772.36,,69.8,39.65,78.31,112.36,43.18,163.08,95.7,130.96,89.02,76.09
20181204,202.2,71.5,90.55,327.18,164.21,46.52,245.82,21.12,178.19,15.46,105.15,44.29,72.91,163.92,68.71,70.03,93.19,123.54,122.3,220.95,90.28,154.0,188.86,46.17,86.4,1062.47,1050.82,54.4,1668.4,,70.04,36.69,78.42,107.64,40.77,163.48,95.78,121.43,87.61,72.08
20181206,202.68,71.54,90.33,332.98,159.25,48.15,250.63,21.3,175.76,15.45,106.56,43.55,71.91,161.37,69.02,69.61,91.19,127.08,121.04,219.34,89.74,155.52,187.14,45.72,85.09,1078.08,1068.73,54.4,1699.19,,70.16,36.94,78.76,108.25,39.41,167.63,97.32,119.33,85.98,71.49
20181207,198.24,69.95,86.96,317.52,157.45,47.23,238.0,19.46,167.59,15.53,103.04,43.25,70.25,157.16,66.65,64.94,88.65,126.17,115.6,210.28,88.67,152.42,180.44,45.84,83.81,1046.58,1036.58,54.18,1629.13,,70.42,33.57,79.32,106.68,37.9,166.43,97.8,115.82,84.32,70.85
20181210,198.32,70.92,87.61,323.66,157.72,47.88,244.09,19.99,166.17,15.77,100.48,43.04,70.59,157.08,67.28,63.48,89.04,125.76,114.65,216.66,87.23,152.38,179.01,45.94,83.28,1053.18,1039.55,53.36,1641.03,,70.71,33.84,79.36,105.79,37.51,166.19,97.46,112.46,83.55,70.7
20181211,197.46,71.84,88.17,328.13,158.3,48.2,245.34,19.98,165.8,15.74,99.42,42.64,71.05,155.93,67.42,62.43,89.08,124.63,114.83,220.27,87.31,149.69,178.17,46.28,82.49,1061.65,1051.75,53.95,1643.24,,70.29,34.1,79.76,105.4,36.59,166.64,96.48,111.62,82.48,70.73
20181212,199.81,72.53,88.6,330.69,158.62,48.45,245.55,20.48,166.98,15.89,101.89,42.9,71.75,157.71,68.03,62.02,88.78,121.29,117.01,219.29,87.84,152.27,179.37,45.89,82.4,1073.73,1063.68,53.33,1663.54,,69.84,34.35,79.52,107.48,37.68,164.65,97.12,112.71,83.22,72.61
20181213,202.13,72.18,87.71,319.72,160.25,48.51,248.08,19.86,166.29,15.78,98.36,45.75,71.14,157.28,67.25,61.34,87.94,123.0,112.43,217.23,87.44,150.86,175.49,46.12,80.59,1073.54,1061.9,53.92,1658.38,,70.44,32.46,80.36,106.7,37.29,166.8,97.66,112.17,81.89,71.77
20181214,196.1,70.76,85.61,316.19,155.53,47.75,230.0,19.9,163.78,15.95,95.51,44.61,69.36,155.41,65.1,62.3,84.97,122.5,109.43,215.57,86.35,148.23,173.18,45.32,79.3,1051.71,1042.1,52.73,1591.91,,69.81,32.41,80.01,105.7,37.49,166.6,97.14,110.19,78.97,70.39
20181217,192.82,69.75,84.93,298.77,151.67,47.08,221.38,18.83,158.84,14.88,95.46,44.32,67.85,153.81,64.21,61.29,80.51,118.75,109.53,206.97,83.67,148.33,161.18,44.13,80.16,1025.65,1016.53,52.35,1520.91,,67.31,32.04,77.33,101.18,37.46,160.94,93.58,108.66,77.0,69.17
20181218,194.56,70.08,83.58,304.8,152.14,47.32,226.18,19.5,158.24,14.98,95.72,44.54,67.99,154.76,64.35,62.66,81.03,120.24,105.99,209.5,84.31,146.76,160.28,43.92,81.51,1043.41,1028.71,50.89,1551.48,,67.38,33.54,77.26,101.02,37.56,162.31,92.68,108.4,76.24,68.87
20181219,189.96,69.0,83.52,296.14,150.96,46.33,224.65,18.16,156.12,14.74,92.2,43.98,66.83,154.1,63.02,62.03,79.8,119.94,102.78,201.56,81.98,136.56,158.75,43.72,80.98,1035.46,1023.01,51.4,1495.08,,67.21,32.42,76.86,98.77,39.34,162.54,92.59,105.47,76.31,67.9
20181220,187.38,68.38,85.37,284.28,143.5,47.05,218.65,17.94,152.5,14.69,93.34,43.4,65.19,154.54,62.3,60.68,76.16,117.42,101.22,197.78,80.41,135.63,154.28,43.82,79.81,1023.58,1009.41,50.44,1460.83,,67.03,31.89,77.62,95.77,38.15,161.54,92.86,104.38,73.22,66.11
20181221,183.75,67.27,84.92,290.29,137.2,45.85,208.8,16.93,151.41,14.45,92.42,43.23,63.29,155.19,59.8,59.34,74.84,115.34,94.63,199.17,78.54,131.46,149.06,43.45,79.85,991.25,979.54,49.09,1377.45,,66.94,30.78,76.43,91.33,37.4,158.0,91.19,100.31,71.98,65.21
20181224,178.62,65.56,84.16,281.08,133.67,43.99,205.16,16.65,148.92,13.82,90.24,42.33,62.67,149.88,58.33,57.58,73.13,110.28,93.94,193.72,75.41,129.82,144.46,41.21,77.27,984.67,976.22,47.56,1343.96,,63.24,29.72,73.55,89.5,37.33,153.58,86.31,97.58,70.76,63.35
20181226,186.26,69.62,89.04,307.44,139.01,46.42,222.95,17.9,155.03,14.28,95.06,44.14,65.54,156.92,60.98,60.79,76.28,113.97,97.87,210.99,78.61,133.41,151.68,41.68,80.8,1047.85,1039.46,48.43,1470.9,,64.35,32.29,74.36,93.84,38.59,157.53,88.53,102.7,73.04,66.25
20181227,190.7,70.63,89.91,315.67,140.41,47.04,225.14,17.49,154.69,14.29,97.15,44.98,66.48,159.75,61.65,60.74,77.22,114.49,98.1,211.33,79.3,132.67,151.89,41.99,81.79,1052.9,1043.88,48.7,1461.64,,65.3,32.04,75.04,94.68,39.33,158.6,89.41,104.08,73.53,67.31
20181228,189.37,71.09,91.12,318.17,139.82,46.8,223.13,17.82,155.46,14.27,96.01,44.95,65.96,160.7,61.05,60.31,76.74,113.94,97.21,208.29,78.55,132.8,149.82,42.05,82.02,1046.68,1037.08,48.89,1478.02,,64.94,31.83,74.73,94.42,38.62,158.83,90.02,103.15,73.96,66.73
20181231,190.54,72.33,92.19,325.04,141.01,46.57,226.24,18.46,157.46,14.46,97.44,45.56,67.46,160.05,61.08,60.85,77.07,115.24,97.36,209.43,79.71,133.66,150.08,42.25,82.63,1044.96,1035.61,49.39,1501.97,,65.23,32.11,74.74,95.32,39.41,158.19,90.77,104.37,74.4,67.7
20190102,190.95,69.5,89.23,309.96,140.59,47.03,224.57,18.83,157.92,14.18,98.23,45.52,65.69,159.59,59.01,61.52,78.11,111.37,98.05,202.12,81.05,135.88,155.38,41.15,81.64,1054.68,1045.85,49.31,1539.13,,63.53,32.48,72.94,95.68,39.62,156.74,88.77,107.96,74.45,67.49
20190103,183.76,66.22,86.29,302.29,135.79,45.36,215.7,17.05,162.85,14.17,96.43,44.37,63.27,155.31,57.7,58.12,72.69,112.29,100.21,184.78,79.68,136.07,151.45,41.22,80.3,1025.47,1016.06,49.04,1500.28,,63.69,30.06,72.77,93.43,38.75,157.68,89.12,105.1,73.37,65.57
20190104,191.32,68.11,89.07,313.44,141.07,47.17,226.19,19.0,158.81,14.64,100.65,44.92,65.46,161.61,59.38,60.0,76.24,113.44,106.0,186.71,79.5,142.57,161.7,41.72,82.67,1078.07,1070.71,50.3,1575.39,,64.59,32.04,73.44,97.64,40.18,158.31,89.79,110.73,74.22,68.05
20190107,190.88,69.13,90.37,314.8,141.56,48.5,229.26,20.57,161.14,14.71,102.55,45.16,66.85,159.93,61.24,60.12,76.58,114.14,107.94,189.92,80.33,142.44,161.69,41.43,82.54,1075.92,1068.39,48.78,1629.51,,63.85,32.95,73.03,98.17,40.41,159.29,88.84,111.24,74.75,67.94
20190108,191.68,68.3,90.79,318.42,145.14,49.97,232.68,20.75,160.02,15.05,102.37,45.3,67.83,158.09,62.45,60.65,77.33,116.79,108.61,192.95,81.44,145.6,164.5,42.07,82.53,1085.37,1076.28,49.06,1656.58,,64.86,32.42,73.93,98.65,40.57,161.09,90.14,111.94,75.55,68.94
20190109,192.3,69.44,87.81,336.4,145.87,50.83,235.43,20.19,164.43,15.02,103.5,45.2,69.25,156.79,63.26,62.18,76.84,117.3,109.96,200.32,82.35,144.6,168.1,41.69,83.16,1081.65,1074.66,49.66,1659.42,,64.38,33.42,73.37,98.83,41.16,159.68,88.99,113.1,76.32,69.4
20190110,193.6,69.08,88.2,335.13,147.02,51.35,237.77,19.74,165.07,15.34,104.07,45.77,69.9,157.2,63.13,63.4,77.27,119.57,110.93,202.64,82.2,146.3,167.23,42.51,83.54,1078.83,1070.33,48.86,1656.22,,65.81,32.04,74.72,98.26,41.42,161.86,90.76,113.44,76.0,70.6
20190111,192.21,69.33,88.31,323.8,146.23,46.54,237.55,20.27,159.42,15.39,102.11,45.69,70.38,156.79,63.1,64.14,77.41,120.34,111.13,198.25,82.07,149.26,167.47,41.96,83.45,1064.47,1057.19,48.9,1640.56,,65.55,31.8,74.44,98.55,41.66,161.4,90.64,113.44,76.56,70.55
20190114,192.17,68.27,84.76,315.25,144.93,47.29,234.56,20.23,158.72,15.04,102.36,45.93,69.75,155.12,62.69,64.36,76.97,119.19,107.58,193.94,81.77,149.26,168.14,41.25,83.8,1051.51,1044.69,48.26,1617.21,,64.96,31.71,73.79,98.44,42.0,161.4,90.43,114.04,76.86,70.21
20190115,188.94,70.47,85.5,325.61,146.89,46.84,242.36,20.38,160.28,15.44,103.96,46.4,70.6,155.08,63.44,64.28,73.64,120.93,111.73,195.05,81.75,152.69,167.61,42.03,84.23,1086.51,1077.15,47.91,1674.56,,66.04,32.1,75.38,97.99,42.45,163.05,91.42,115.18,77.26,69.88
20190116,189.48,69.82,85.55,324.13,147.88,47.13,241.95,19.73,162.44,15.51,107.15,46.81,70.03,154.62,63.82,64.9,73.93,121.9,111.7,206.79,81.01,152.89,168.74,42.39,84.54,1089.51,1080.97,47.2,1683.78,,66.67,32.84,75.72,99.41,43.13,163.78,91.79,118.26,77.3,70.28
20190117,191.71,70.52,87.2,330.32,149.12,47.38,244.4,20.25,166.28,15.49,107.06,47.32,70.82,155.98,64.83,64.42,75.29,122.75,114.62,212.67,81.76,156.56,169.69,42.53,84.57,1099.12,1089.9,47.06,1693.22,,67.06,33.58,76.0,99.49,43.29,164.38,92.56,118.59,76.08,71.23
20190118,195.86,71.42,89.5,333.74,150.45,48.65,247.51,20.77,167.61,15.55,108.57,47.7,71.93,158.62,65.79,64.86,76.63,124.26,117.05,220.09,83.51,160.22,172.52,42.95,85.7,1107.3,1098.26,48.31,1696.2,,67.24,33.97,76.09,100.48,44.16,164.67,92.61,121.11,79.86,72.36
20190122,192.26,71.49,88.66,336.13,148.97,47.06,243.85,19.76,164.13,15.61,106.58,47.39,71.32,157.71,64.51,63.96,75.37,124.38,114.29,216.16,82.18,157.8,170.69,43.14,85.86,1078.63,1070.52,44.97,1632.17,,67.58,32.74,76.38,99.83,43.36,164.68,92.77,119.28,79.71,70.79
20190123,192.29,69.91,88.45,336.98,148.42,46.02,245.14,19.8,164.33,15.87,106.5,47.64,71.65,156.15,64.35,63.71,73.92,123.8,117.0,217.22,82.43,160.79,173.72,43.64,85.89,1084.41,1075.57,44.7,1640.02,,68.1,31.65,77.01,99.71,42.82,165.79,94.24,118.81,79.36,70.71
20190124,192.52,70.86,85.88,348.5,150.15,47.27,242.56,20.85,156.31,15.9,107.75,47.33,72.18,156.5,64.57,65.78,74.02,123.25,117.91,220.67,83.0,157.57,174.63,43.92,86.25,1084.0,1073.9,43.33,1654.93,,68.75,33.66,77.75,99.72,42.94,165.65,94.64,119.78,78.7,71.2
20190125,195.9,71.15,80.54,349.37,151.85,47.8,244.95,21.93,153.22,15.88,109.62,47.57,73.65,160.91,65.44,63.48,76.58,125.41,121.44,227.22,84.19,160.66,177.71,43.1,86.15,1101.51,1090.99,44.24,1670.57,,67.94,34.98,76.8,100.77,43.18,167.41,93.27,121.12,79.66,71.32
20190128,193.2,69.05,77.14,336.9,152.24,46.74,241.85,20.18,154.86,15.87,109.87,47.35,73.27,159.89,65.0,64.53,77.09,126.27,119.21,221.49,84.28,158.69,178.76,42.96,86.49,1079.86,1070.08,45.3,1637.89,,67.66,36.57,76.85,100.38,42.82,168.05,93.02,121.79,80.12,70.15
20190129,196.95,69.69,77.47,330.38,152.02,45.73,238.27,19.25,155.39,16.03,106.7,47.11,73.56,163.24,64.17,64.56,78.32,128.08,119.61,222.03,85.03,145.12,177.81,43.04,86.78,1070.06,1060.62,45.91,1593.88,,67.47,36.29,76.97,100.96,42.26,169.44,93.08,121.38,79.54,71.77
20190130,199.27,71.68,79.06,339.59,154.09,46.31,242.67,23.09,159.04,16.29,104.79,47.38,75.44,163.98,64.69,64.66,80.21,129.36,121.32,232.83,85.91,143.89,179.56,43.33,87.34,1097.99,1089.06,47.8,1670.43,,67.94,36.34,77.16,102.67,42.81,170.47,93.74,120.18,78.53,72.59
20190131,200.3,72.98,80.29,351.07,153.55,47.24,247.82,24.41,159.2,16.39,104.95,47.7,76.05,164.39,65.1,63.95,80.73,131.71,122.96,248.95,85.86,143.98,177.59,44.47,87.87,1125.89,1116.37,49.35,1718.73,,69.34,35.77,79.12,102.7,43.23,172.84,95.67,126.6,83.37,72.9
20190201,199.16,72.36,80.5,351.08,154.74,46.01,247.38,24.51,159.04,16.68,104.98,47.94,76.04,165.89,65.52,64.36,81.3,130.64,126.28,244.0,86.75,144.07,181.33,44.16,88.82,1118.62,1110.75,49.2,1626.23,,68.85,36.11,79.11,103.06,43.82,170.43,95.21,126.89,83.76,73.41
20190204,200.21,72.5,78.53,330.41,156.55,46.78,254.74,24.13,161.35,16.83,107.41,48.02,76.03,166.88,67.04,64.48,81.94,130.94,123.75,244.54,87.28,138.53,181.03,44.25,88.8,1141.42,1132.8,49.11,1633.31,,68.99,36.78,79.47,103.42,44.0,170.94,95.58,127.09,84.45,73.7
20190205,201.12,73.11,79.69,344.28,157.32,47.84,254.82,23.31,161.46,16.95,110.02,48.22,76.31,167.92,68.17,64.74,81.32,129.75,122.87,243.51,89.1,138.01,181.51,44.36,88.96,1151.87,1145.99,49.04,1658.81,,68.84,36.93,79.01,103.9,43.66,172.43,95.86,125.67,85.77,74.9
20190206,202.57,73.49,79.08,344.78,157.16,43.0,254.35,23.26,157.22,16.98,109.14,48.4,76.3,169.91,67.51,64.82,82.19,129.01,121.03,244.04,89.64,136.98,179.88,44.23,92.56,1122.89,1115.23,49.27,1640.26,,68.89,36.76,79.21,104.96,43.65,170.27,95.15,126.69,86.64,74.62
20190207,199.84,72.74,79.17,341.61,155.18,43.96,253.74,22.67,163.13,17.11,108.6,48.45,75.33,166.22,66.59,65.23,80.64,132.72,118.79,239.45,90.74,132.44,162.19,44.74,92.33,1105.91,1098.71,48.72,1614.37,,69.72,36.17,79.45,104.39,42.83,172.01,96.87,125.22,85.8,75.11
20190208,199.82,73.33,79.67,341.21,155.59,43.41,257.0,23.05,162.41,17.22,104.84,48.18,75.8,165.9,67.09,65.27,81.01,132.37,120.14,241.26,91.39,132.09,164.32,45.0,92.46,1102.38,1095.06,48.84,1588.22,,70.47,36.0,80.02,104.52,42.45,172.43,97.74,125.57,84.31,75.76
20190211,200.91,73.54,79.77,354.92,155.32,40.11,258.39,22.96,165.13,17.16,104.88,48.27,76.08,167.54,68.51,66.3,80.86,133.7,120.05,244.57,91.51,134.74,165.11,44.92,92.53,1102.12,1095.01,48.89,1591.0,,70.76,36.59,80.09,105.41,43.05,172.99,97.6,125.95,83.64,76.05
20190212,206.57,75.06,79.93,358.08,156.63,41.67,261.37,22.82,167.89,17.18,106.17,48.94,77.07,171.32,69.33,66.69,80.45,132.56,124.26,254.32,93.04,138.8,169.04,44.95,92.91,1127.58,1121.37,49.66,1638.01,,70.19,35.75,80.3,107.0,43.83,172.59,97.67,128.83,85.79,77.34
20190213,209.72,74.38,80.79,361.5,158.03,44.57,260.23,22.85,166.46,17.04,106.46,49.02,77.25,171.97,70.37,66.7,81.73,134.51,125.18,251.85,93.77,140.33,169.41,44.9,94.0,1128.63,1120.16,49.0,1640.0,,70.06,36.21,79.55,107.56,44.18,173.7,97.44,129.8,86.41,78.77
20190214,204.93,73.97,80.52,357.82,157.85,45.43,260.14,23.13,168.74,17.06,105.43,48.6,77.02,171.62,70.78,66.57,80.42,133.89,125.93,250.75,91.68,138.67,166.97,44.88,93.23,1129.2,1121.67,49.14,1622.65,,69.03,36.11,79.35,106.62,40.19,175.79,97.25,127.16,86.45,77.91
20190215,208.86,75.25,80.85,362.06,159.23,44.6,259.45,23.68,169.99,16.92,108.96,49.28,78.3,174.08,70.09,66.32,81.37,134.86,129.42,254.96,91.56,139.07,173.21,44.98,94.38,1119.63,1113.65,48.74,1607.95,,69.68,35.05,79.27,107.38,42.32,177.82,98.05,130.68,86.66,79.01
20190219,208.41,75.0,80.52,359.37,159.48,44.48,257.81,23.95,167.14,17.18,109.0,48.99,77.52,175.11,70.47,64.56,83.13,135.69,128.93,255.24,88.02,137.96,174.83,45.15,94.62,1126.51,1118.56,48.99,1627.58,,70.09,35.47,80.08,106.5,42.99,177.6,98.7,131.96,86.85,79.04
20190220,208.53,75.54,79.99,362.25,159.71,42.78,258.1,23.95,166.0,17.15,109.95,49.12,78.56,177.64,69.83,63.34,82.81,134.97,129.84,253.79,87.95,140.33,173.42,45.17,95.06,1120.59,1113.8,50.51,1622.1,,70.4,35.06,80.52,106.78,43.29,176.69,98.66,132.89,86.33,79.81
20190221,207.77,75.14,78.75,358.36,159.53,41.9,257.76,23.92,161.31,17.32,108.01,48.9,77.89,178.67,68.82,62.86,89.26,135.49,127.55,250.23,88.23,136.6,171.05,45.63,94.63,1104.21,1096.97,50.37,1619.44,,71.2,34.98,81.15,106.61,43.01,176.51,100.38,131.69,84.98,79.26
20190222,209.35,76.13,80.02,352.6,161.5,41.5,258.9,24.36,161.47,17.53,109.13,48.75,78.42,180.12,69.86,62.4,89.18,136.72,129.73,253.99,89.7,136.7,174.06,45.68,94.57,1116.56,1110.37,51.5,1631.56,,72.18,35.49,81.72,107.44,42.87,176.63,100.98,134.89,85.67,79.4
20190225,210.58,76.86,80.29,352.89,161.67,41.96,258.62,24.71,157.71,17.33,110.34,48.96,79.34,181.17,69.54,62.75,91.57,136.02,133.17,262.35,88.7,136.2,174.29,45.34,94.9,1117.33,1109.4,51.84,1633.0,,70.88,35.9,80.78,106.93,43.83,174.23,100.88,131.94,84.67,79.77
20190226,209.38,76.75,80.51,342.87,161.34,42.08,261.22,24.21,162.92,17.29,110.46,48.91,78.55,181.45,69.6,62.94,91.0,136.12,133.29,259.79,88.64,136.61,174.55,45.46,94.09,1122.01,1115.13,52.1,1636.4,,70.22,36.25,80.42,106.94,43.86,174.02,101.04,131.0,83.92,79.13
20190227,209.03,77.23,79.41,336.17,160.63,41.79,262.9,23.48,158.3,17.16,110.16,48.99,79.42,181.6,69.28,61.98,92.28,134.95,136.01,258.25,90.43,135.94,173.27,45.45,93.98,1122.89,1116.05,52.32,1641.09,,70.42,35.69,80.63,107.42,43.47,173.2,101.04,131.87,82.79,79.64
20190228,207.39,77.62,79.24,334.5,161.38,42.14,262.5,23.53,161.78,17.23,109.61,49.14,79.44,181.18,69.66,61.7,91.29,135.89,135.33,258.97,89.96,137.71,173.0,45.87,94.38,1126.55,1119.92,52.41,1639.83,,71.24,35.63,81.15,107.74,43.2,176.15,101.62,131.63,83.3,79.58
20190301,207.49,78.59,80.1,348.06,164.2,42.84,264.01,23.68,160.62,17.5,110.53,49.17,81.24,180.1,71.09,61.31,90.79,135.91,137.75,263.35,91.2,140.72,173.59,45.87,95.01,1148.52,1140.99,52.75,1671.73,,70.93,34.64,81.4,108.9,43.23,177.92,101.44,132.18,82.98,79.57
20190304,206.86,78.62,79.46,338.2,162.82,41.79,258.16,23.37,158.4,17.12,110.29,49.06,80.13,180.7,70.29,59.5,88.49,136.96,136.08,256.31,90.19,139.12,172.39,46.28,94.2,1153.42,1147.8,52.46,1696.17,,71.3,33.72,81.42,109.0,43.51,179.69,101.71,130.59,80.48,79.5
20190305,203.84,78.22,78.91,333.21,163.67,41.88,257.38,23.5,157.31,17.42,108.69,49.15,79.74,179.21,70.55,57.78,87.93,137.4,134.77,239.22,89.94,140.16,171.18,45.9,94.0,1169.19,1162.03,52.88,1692.43,,71.07,33.23,81.03,108.85,43.17,181.06,101.27,130.13,79.66,79.15
20190306,202.8,77.7,78.09,317.85,162.39,42.56,256.4,22.41,157.97,17.58,106.49,48.95,78.75,180.3,71.54,55.83,86.37,137.55,131.12,231.45,89.44,137.51,168.39,46.02,93.53,1164.94,1157.86,54.67,1668.95,,71.07,32.76,81.26,108.98,42.5,181.65,101.06,127.86,76.63,79.26
20190307,199.86,76.8,78.24,317.42,161.85,41.42,255.46,22.08,154.13,17.67,103.62,48.63,78.73,179.65,70.47,55.95,84.6,136.7,128.17,230.75,87.97,143.0,165.64,46.19,93.24,1150.85,1143.3,54.74,1625.95,,71.22,32.22,81.45,107.86,41.81,181.75,101.65,124.91,76.33,78.93
20190308,200.89,76.63,77.58,314.21,161.69,42.03,254.74,22.01,151.77,17.7,103.83,48.55,77.98,181.36,70.3,55.62,82.97,137.6,128.68,230.84,87.98,145.06,166.35,46.25,93.3,1149.97,1142.32,55.37,1620.8,,71.7,31.91,81.95,107.98,42.2,181.61,102.53,124.35,76.41,78.64
20190311,207.1,77.81,78.08,319.2,163.94,42.92,260.96,22.96,155.46,17.97,106.56,49.07,79.3,183.95,71.94,55.42,85.51,139.39,132.04,243.36,88.58,146.64,169.0,46.69,94.11,1179.26,1175.76,56.01,1670.62,,72.57,32.05,82.6,109.56,42.82,185.16,104.03,124.36,77.95,80.09
20190312,205.8,78.24,78.74,323.76,163.99,42.63,263.51,23.49,154.87,18.12,106.56,49.16,79.93,184.05,72.18,54.09,85.47,140.15,134.3,250.84,88.81,147.76,167.91,47.15,94.07,1197.25,1193.2,55.75,1673.1,,72.37,30.92,83.11,110.43,43.05,185.75,104.92,124.61,78.42,80.14
20190313,206.66,78.62,78.93,325.63,164.11,43.7,264.38,23.38,154.7,18.12,107.19,49.39,80.13,185.1,72.72,56.03,86.21,141.34,135.71,252.13,89.64,150.47,171.05,47.14,93.55,1199.06,1193.32,56.13,1690.81,,72.94,31.84,83.18,112.14,43.79,187.23,105.11,124.86,79.79,81.09
20190314,207.38,78.98,79.95,325.61,164.82,43.32,267.69,22.82,154.0,18.18,106.76,49.7,80.61,185.21,72.71,55.49,84.73,141.86,134.88,247.59,88.77,149.8,169.69,46.93,93.85,1192.53,1185.55,56.4,1686.22,,72.61,32.13,82.98,112.35,43.75,187.97,104.99,125.07,79.51,80.65
20190315,208.08,79.86,81.34,333.23,166.39,44.63,257.09,23.29,154.84,18.31,109.35,49.95,81.1,184.85,72.47,55.76,85.42,140.52,136.09,252.33,88.41,151.25,172.41,47.4,94.84,1190.3,1184.46,56.75,1712.36,,73.04,31.43,83.81,113.52,44.04,188.97,105.81,129.05,80.18,80.81
20190318,208.49,78.83,80.65,333.25,166.43,44.97,257.76,23.25,161.57,18.15,111.59,50.25,80.97,185.37,72.21,55.81,86.43,140.22,133.51,253.73,88.9,150.84,171.78,47.1,95.02,1188.55,1184.26,57.3,1742.15,,72.51,31.38,83.48,113.55,44.28,188.89,105.13,130.36,80.39,81.76
20190319,209.02,79.96,80.82,339.36,166.2,46.42,260.42,26.0,163.42,17.84,110.3,50.1,81.2,184.9,72.59,56.11,85.23,139.69,132.94,259.29,88.71,154.1,171.92,46.46,94.21,1202.46,1198.85,56.01,1761.85,,72.0,31.59,82.56,112.67,43.86,189.91,104.35,128.87,81.07,81.09
20190320,208.3,79.94,80.43,339.66,166.27,46.16,259.74,25.7,164.15,17.93,107.0,49.46,80.92,184.65,72.52,55.19,84.44,140.29,131.66,265.68,87.74,153.67,168.4,46.58,93.04,1226.43,1223.97,55.72,1797.27,,72.23,30.96,82.87,110.77,42.96,191.54,104.69,129.13,79.27,80.86
20190321,209.61,80.06,81.24,337.43,168.24,48.6,264.18,27.89,169.07,18.28,105.21,49.97,82.0,187.19,73.44,55.22,85.51,142.45,134.21,280.73,88.9,153.53,171.42,47.12,94.59,1236.13,1231.54,56.93,1819.26,,73.26,31.45,84.09,111.82,43.43,194.71,106.22,129.55,80.36,82.14
20190322,204.66,77.97,79.76,323.21,165.24,46.87,259.69,26.37,164.84,18.06,99.16,49.46,78.99,186.3,71.23,54.25,82.72,141.72,130.21,269.62,87.22,149.3,164.56,47.55,94.17,1207.65,1205.5,55.92,1764.77,,73.75,30.57,85.14,109.46,42.62,193.65,106.78,124.13,78.77,79.41
20190325,203.21,78.23,79.51,313.22,165.08,46.98,262.27,25.97,167.78,18.24,99.16,49.52,79.52,185.92,69.12,53.6,81.58,141.67,132.29,271.02,87.45,146.34,164.11,47.59,93.99,1197.38,1193.0,56.55,1774.26,,74.3,30.21,85.32,109.04,42.45,195.69,106.69,123.8,77.1,79.62
20190326,207.24,79.0,80.76,286.0,166.94,46.43,265.59,25.69,168.27,18.41,101.86,49.83,80.65,187.16,69.82,53.91,81.04,143.83,136.79,274.27,88.42,149.39,169.98,47.86,94.1,1189.84,1184.62,57.03,1783.76,,74.75,30.21,85.98,109.5,43.05,195.05,107.2,125.87,76.56,80.65
20190327,207.16,78.73,79.89,276.39,166.47,45.52,262.34,24.89,166.89,18.25,103.72,49.82,79.0,187.65,70.78,54.99,80.15,142.91,134.6,268.96,88.2,147.22,171.06,47.58,94.15,1178.01,1173.02,56.3,1765.7,,74.39,30.94,85.23,108.98,43.14,194.09,105.87,125.59,76.5,80.68
20190328,208.53,79.44,79.96,283.9,175.12,45.62,263.53,25.06,168.75,18.11,106.32,49.7,79.7,190.17,71.09,55.17,81.17,143.23,133.26,273.91,89.82,146.86,172.39,46.9,93.94,1172.27,1168.49,56.7,1773.42,,73.46,30.9,83.79,109.16,43.1,194.93,104.32,126.99,77.89,82.23
20190329,207.78,79.94,80.59,285.59,176.02,45.53,266.49,25.52,170.53,18.08,107.11,50.0,80.38,190.96,71.71,56.12,81.98,142.56,135.18,284.33,90.71,146.41,174.98,47.13,94.18,1176.89,1173.31,57.43,1780.75,,73.55,31.76,83.75,109.3,43.06,197.06,104.26,128.1,79.52,82.97
20190401,211.94,79.66,80.78,277.76,176.32,47.12,272.17,26.36,173.63,17.92,111.39,49.88,81.56,191.49,73.0,57.32,84.2,141.54,135.32,285.15,92.64,147.65,176.12,46.85,95.09,1198.98,1194.43,57.73,1814.19,,72.79,32.35,82.82,111.7,43.99,192.51,103.85,132.68,79.09,84.0
20190402,212.13,79.62,83.07,284.2,175.37,47.46,271.35,26.75,173.34,18.01,111.37,49.25,81.14,190.48,72.73,58.14,82.9,143.23,138.92,292.03,92.42,146.26,175.53,46.55,94.81,1205.54,1200.49,56.69,1813.98,,72.56,32.99,83.08,111.0,43.55,195.12,103.71,136.12,74.49,83.72
20190403,213.13,79.5,83.08,284.94,177.19,47.65,271.5,29.02,171.69,18.06,113.42,48.76,81.94,191.72,73.45,57.79,84.21,143.53,139.99,289.27,93.49,145.71,179.48,46.53,95.64,1210.81,1205.92,53.98,1820.7,,72.24,33.71,82.91,110.56,43.87,194.29,104.03,136.56,75.05,84.33
20190404,215.03,78.62,82.81,282.87,177.16,46.96,267.89,29.09,174.0,18.0,114.11,48.78,80.83,191.77,73.39,57.82,85.55,143.13,139.93,287.96,94.12,149.35,179.83,46.32,96.07,1219.45,1215.0,54.6,1818.86,,71.56,33.93,82.62,110.12,44.6,193.05,103.86,137.28,75.97,84.01
20190405,215.41,79.0,83.45,284.91,178.15,47.29,267.45,28.98,176.78,18.27,115.53,49.0,81.47,193.19,74.07,58.54,86.14,143.97,141.2,295.88,94.92,149.64,177.11,46.74,96.31,1211.45,1207.15,54.77,1837.28,,72.39,34.06,83.57,110.96,45.05,195.76,104.92,137.94,77.27,84.29
20190408,215.02,78.52,83.98,282.95,178.91,47.57,268.81,28.53,177.59,17.99,114.1,49.12,81.69,193.03,74.47,58.33,86.94,143.63,139.75,292.71,94.4,150.49,178.35,46.36,94.87,1208.28,1203.84,55.28,1849.86,,71.67,33.88,83.15,110.7,44.87,196.22,104.14,138.54,78.12,84.62
20190409,211.96,78.67,82.69,281.65,177.73,47.01,268.99,27.24,175.65,18.11,109.96,49.04,81.42,192.28,74.32,57.84,84.78,143.12,137.65,285.25,93.49,147.44,177.21,46.44,94.36,1202.69,1197.25,55.11,1835.84,,72.02,33.31,83.57,109.85,44.63,196.72,104.57,136.47,77.43,83.55
20190410,212.11,78.97,82.95,280.54,177.0,47.86,271.58,27.83,178.8,18.06,110.51,49.21,81.68,193.04,75.09,58.78,85.55,143.84,141.3,290.12,93.33,146.1,176.47,46.29,95.0,1206.45,1202.16,55.42,1847.33,,71.5,34.02,83.35,110.16,44.88,196.62,104.03,138.54,74.0,84.04
20190411,213.53,78.51,81.77,271.89,178.36,47.17,271.9,27.79,180.96,18.08,110.45,49.37,81.08,193.55,75.43,59.71,82.71,143.5,137.42,289.66,93.77,145.04,175.74,46.63,95.81,1209.59,1204.62,55.98,1844.07,,71.84,34.81,83.94,109.85,45.71,196.65,104.32,139.65,74.18,84.8
20190412,217.42,78.01,80.78,270.08,178.64,47.28,271.86,27.85,180.11,18.02,112.34,49.51,80.98,194.16,77.05,60.63,83.66,144.35,136.2,293.08,94.57,144.95,180.93,46.81,97.01,1222.73,1217.87,56.56,1843.06,,71.98,34.69,84.15,110.91,46.19,197.96,104.16,142.54,74.74,85.81
20190415,215.83,77.5,81.03,272.3,179.3,45.75,272.22,27.33,181.43,18.09,111.04,48.95,80.4,193.93,76.65,60.06,82.26,143.66,137.49,292.55,94.07,143.58,164.04,46.73,96.4,1226.53,1221.1,56.94,1844.87,,72.03,33.75,84.26,110.53,45.8,196.09,103.96,141.27,76.11,85.62
20190416,216.9,76.38,80.21,265.95,179.06,45.06,271.43,27.93,179.95,17.83,112.53,49.59,77.55,197.1,76.61,60.97,83.21,139.22,136.94,288.38,93.9,145.41,163.53,46.1,98.19,1231.91,1227.13,56.39,1863.04,,70.85,34.03,83.05,111.88,46.74,192.2,102.42,144.07,75.35,85.91
20190417,217.64,72.88,77.98,251.49,178.95,44.98,269.45,27.49,176.81,17.7,112.39,49.04,75.43,197.75,76.03,61.38,82.1,136.4,125.91,273.68,93.9,140.03,164.58,45.9,97.43,1240.14,1236.34,56.18,1864.82,,70.61,34.38,83.2,111.76,45.97,191.17,102.28,143.25,72.3,85.75
20190418,218.88,73.92,77.57,256.56,178.61,45.31,270.57,27.68,175.4,17.72,113.64,48.92,76.17,198.1,75.34,61.67,82.57,138.66,126.01,281.49,93.75,140.31,162.6,45.98,96.72,1241.47,1236.37,54.37,1861.69,,70.48,34.37,83.01,113.67,46.04,192.91,104.7,143.27,72.45,86.49
20190422,218.54,74.51,78.15,260.93,178.07,45.34,272.21,28.18,170.08,17.69,113.35,48.56,75.57,196.62,76.69,60.3,82.17,137.51,128.96,290.63,93.96,140.26,160.75,45.94,97.07,1253.76,1248.84,54.61,1887.31,,70.52,33.48,82.93,112.33,46.0,192.32,104.93,143.11,71.06,86.62
20190423,219.5,76.1,78.66,262.18,180.48,46.51,278.49,27.97,172.47,17.75,114.48,48.91,75.56,196.67,77.66,60.89,79.05,140.54,132.37,296.08,95.99,142.17,163.02,46.24,97.29,1270.59,1264.55,54.82,1923.77,,71.15,33.97,83.57,113.97,45.98,193.4,104.8,144.85,73.43,87.29
20190424,219.08,76.75,78.67,270.83,180.81,46.75,275.45,28.46,171.86,17.73,113.17,48.89,75.79,199.42,78.14,60.8,76.8,142.22,130.09,297.08,95.5,139.66,164.8,46.68,96.41,1260.05,1256.0,54.71,1901.75,,71.99,33.99,84.02,114.02,45.74,193.23,105.84,144.0,74.09,87.1
20190425,190.72,78.11,79.34,268.13,179.95,47.41,277.66,27.66,170.64,17.59,112.09,49.18,76.72,199.6,78.61,59.17,74.87,142.37,135.68,296.74,96.56,141.49,153.98,46.87,96.47,1267.34,1263.45,51.41,1902.25,,72.26,33.41,84.83,115.88,45.19,192.29,106.53,145.06,73.72,85.91
20190426,191.67,78.56,79.7,274.91,180.83,48.15,281.96,27.88,170.19,17.46,112.46,49.53,77.42,202.57,78.86,60.62,75.56,143.32,134.57,317.98,98.31,145.39,156.78,46.98,97.41,1277.42,1272.18,52.79,1950.63,,72.18,33.06,84.71,117.6,46.05,193.21,106.88,146.63,74.05,87.3
20190429,190.21,78.27,80.3,274.0,181.21,48.4,286.14,27.69,166.77,17.22,112.94,49.72,77.33,203.57,79.35,60.54,75.71,140.89,135.29,317.5,98.41,146.3,158.07,46.28,97.76,1296.2,1287.58,53.51,1938.43,,71.36,33.77,84.04,116.76,46.99,192.44,106.42,147.72,74.51,87.44
20190430,189.51,79.56,79.39,277.41,182.67,48.21,289.25,27.63,166.32,17.12,110.92,50.38,78.5,205.79,80.06,61.9,75.06,142.39,136.13,324.68,99.23,147.0,160.1,47.23,99.06,1198.96,1188.48,54.33,1926.52,,72.77,34.18,85.55,117.23,47.57,195.3,108.19,146.77,74.76,88.17
20190501,186.07,78.74,78.89,277.07,181.31,48.56,283.35,26.81,163.83,16.9,109.51,50.22,77.47,202.15,81.04,62.07,74.07,141.99,134.14,321.34,99.04,145.33,156.57,46.78,98.0,1173.32,1168.08,53.39,1911.52,,72.24,33.91,84.95,117.02,46.87,192.91,107.1,146.6,73.39,86.36
20190502,184.75,78.78,78.47,264.77,179.39,49.55,279.64,28.29,166.78,17.05,107.99,50.25,78.2,207.65,80.27,62.34,76.09,140.92,133.13,325.88,98.92,144.25,154.62,46.68,98.29,1166.51,1162.61,53.16,1900.82,,72.34,33.95,84.7,117.25,46.8,192.8,106.68,147.37,77.06,87.02
20190503,185.22,78.69,78.71,271.75,176.98,47.15,285.58,28.22,163.27,16.93,110.82,50.49,79.29,209.58,80.03,62.48,77.05,142.3,136.69,331.08,102.19,145.81,156.56,47.22,98.58,1189.55,1185.4,53.76,1962.46,,72.95,34.79,85.43,119.35,47.11,192.95,107.38,147.85,79.14,87.35
20190506,183.04,79.07,79.26,268.95,176.26,48.16,283.66,27.42,161.99,16.81,97.96,50.52,79.35,205.99,78.96,62.19,77.05,141.87,136.96,329.46,101.23,147.76,154.06,47.13,97.68,1193.46,1189.39,53.53,1950.55,,72.75,34.75,84.83,119.34,47.11,192.18,107.21,147.28,78.31,86.52
20190507,179.12,76.91,77.95,261.98,173.94,46.68,277.07,26.66,160.66,16.53,94.09,50.11,76.67,201.17,77.31,61.09,75.85,139.51,134.52,325.51,99.36,141.36,150.91,46.88,95.66,1178.86,1174.1,52.94,1921.0,,72.7,33.91,84.63,118.22,50.3,189.85,107.08,144.27,77.46,85.46
20190508,178.59,76.22,77.99,260.27,173.82,46.82,276.77,27.09,158.62,15.98,93.97,50.24,76.61,205.31,76.97,60.69,72.58,139.78,133.65,322.87,99.62,140.05,149.98,46.16,95.32,1170.78,1166.27,51.96,1917.77,,71.36,33.75,83.73,117.49,49.96,191.64,105.86,143.03,78.72,85.49
20190509,175.28,76.42,77.91,261.94,174.46,46.64,275.79,27.21,159.89,16.12,94.33,50.49,77.0,204.44,76.15,60.3,72.61,140.8,131.77,323.25,100.1,140.26,147.91,46.28,94.39,1167.97,1162.38,51.99,1899.87,,71.9,33.95,82.87,117.26,50.83,192.52,106.28,142.83,79.18,85.45
20190510,175.86,76.45,77.45,258.92,174.3,46.02,278.48,27.96,158.12,16.25,94.39,51.27,77.1,208.29,76.63,61.27,72.63,142.73,131.69,321.93,100.28,140.16,148.99,47.18,96.38,1167.64,1164.27,52.11,1889.98,,73.29,33.99,84.66,118.46,51.64,195.66,108.27,144.56,77.47,85.58
20190513,174.07,75.5,76.87,252.37,171.02,43.41,267.7,26.24,155.37,16.11,90.84,50.47,73.84,204.55,74.45,60.13,68.55,142.69,125.92,310.15,99.07,135.01,142.32,47.85,94.08,1136.59,1132.03,51.44,1822.68,,74.6,32.14,86.34,115.9,50.72,196.88,110.69,139.38,75.68,84.11
20190514,175.21,76.03,78.44,256.69,173.61,44.7,271.86,27.32,155.75,16.08,91.34,51.13,76.01,205.77,75.72,61.38,70.22,143.85,127.93,320.09,99.4,135.96,144.86,47.35,94.74,1124.86,1120.44,51.89,1840.12,,73.85,32.34,85.56,117.01,51.48,198.07,109.84,142.52,76.69,85.02
20190515,174.12,76.51,78.78,259.68,175.4,46.28,276.82,27.58,155.83,16.22,91.21,51.31,67.64,205.02,76.62,61.49,69.58,145.54,128.41,325.71,100.43,136.71,145.47,47.31,95.49,1170.8,1164.21,52.13,1871.15,,73.72,32.16,85.05,117.66,51.85,200.47,110.26,142.25,77.86,85.77
20190516,171.81,76.6,79.5,262.14,178.17,47.29,283.55,28.01,157.28,16.35,90.76,51.93,69.3,209.43,77.92,62.64,69.41,146.48,131.4,330.87,101.87,140.04,147.73,47.77,95.87,1184.5,1178.98,52.03,1907.57,,74.24,32.32,85.4,119.84,52.23,202.02,111.17,144.97,77.59,86.59
20190517,169.09,75.97,79.46,260.48,178.33,46.39,279.85,27.5,157.97,16.34,88.92,52.18,69.11,209.92,77.55,62.39,67.76,146.3,130.9,322.61,100.47,140.2,145.65,48.1,95.64,1168.78,1162.3,52.35,1869.0,,74.71,31.74,85.85,119.07,52.37,202.43,112.04,143.79,77.73,85.9
20190520,166.25,75.77,79.82,252.58,178.54,43.61,275.45,26.68,158.64,16.24,88.63,52.16,68.93,205.41,76.9,61.95,67.78,144.82,127.23,319.68,99.98,138.78,143.11,48.2,95.94,1144.66,1138.85,52.33,1858.97,,74.69,30.96,86.6,119.84,52.43,198.25,111.28,145.88,79.23,85.16
20190521,167.3,76.03,80.88,260.34,179.57,43.45,278.07,27.35,161.3,16.37,90.08,51.95,68.32,206.98,77.9,62.62,68.5,146.05,128.8,319.68,101.48,138.48,146.83,48.08,96.91,1154.44,1149.63,51.87,1857.52,,74.29,31.3,86.61,120.55,52.5,198.17,111.42,148.4,80.57,86.47
20190522,169.74,76.26,81.59,265.48,180.39,42.91,281.82,27.41,166.29,16.55,89.41,52.21,67.97,206.26,79.14,60.68,67.96,145.56,127.55,318.82,99.93,139.51,145.06,48.47,97.09,1155.85,1151.42,52.83,1859.68,,74.87,29.92,87.29,120.01,52.56,200.67,112.82,146.36,81.8,85.61
20190523,165.87,75.63,81.15,262.64,178.27,42.19,274.25,26.36,159.8,16.79,88.23,51.52,67.7,204.21,77.76,61.36,66.34,144.05,125.33,307.85,99.1,138.04,141.93,48.77,95.98,1145.34,1140.77,52.81,1815.48,,75.71,29.5,88.18,118.43,52.2,202.92,113.32,144.36,80.44,84.87
20190524,166.09,76.98,80.06,270.39,178.81,42.29,274.77,26.44,158.09,16.5,88.4,52.01,68.36,204.49,77.89,60.59,66.8,145.34,127.15,311.47,99.28,135.51,143.34,48.72,96.37,1138.61,1133.47,52.4,1823.28,,75.38,29.17,88.29,119.51,52.76,203.0,113.69,146.39,80.68,84.49
20190528,163.35,75.71,78.03,269.4,178.39,43.5,278.25,29.03,154.56,16.34,86.84,51.3,67.08,202.24,77.83,60.05,67.43,144.83,125.0,304.81,98.82,131.41,142.07,47.65,95.09,1139.56,1134.15,49.87,1836.43,,74.32,28.73,86.67,118.17,52.07,202.55,113.34,144.25,80.89,83.93
20190529,161.4,75.67,78.06,260.37,177.61,43.99,273.38,28.09,155.78,16.06,87.22,51.43,67.3,202.98,77.4,59.27,65.8,144.16,121.3,297.41,97.79,125.67,142.06,46.89,96.23,1119.94,1116.46,50.19,1819.19,,73.19,28.41,85.69,117.01,51.62,201.13,111.78,144.03,78.35,83.39
20190530,160.58,76.52,77.61,266.39,178.82,43.56,274.51,28.03,159.39,15.89,86.06,51.57,66.89,204.24,76.81,58.78,65.57,145.54,120.49,296.68,99.48,122.42,140.65,46.89,95.89,1121.41,1117.95,50.21,1816.32,,72.92,28.17,85.3,116.74,51.94,204.69,111.94,143.35,78.32,83.81
20190531,159.75,76.13,76.71,261.92,178.07,43.37,270.9,27.41,155.0,15.8,83.82,51.3,67.05,203.59,75.36,58.2,63.3,146.41,113.68,284.35,97.05,121.91,137.5,47.46,95.51,1106.5,1103.63,49.06,1775.07,,73.34,27.23,86.12,114.71,51.07,208.77,113.02,138.23,77.86,81.89
20190603,160.04,75.71,75.7,261.43,175.16,42.38,259.03,27.58,153.17,15.93,84.41,52.43,66.99,208.96,73.66,59.07,65.05,147.27,114.05,283.32,99.6,123.13,136.6,48.0,96.77,1038.74,1036.23,50.1,1692.69,,74.48,27.2,87.37,114.62,52.71,209.29,114.06,140.78,80.37,82.18
20190604,164.29,77.46,76.75,267.06,177.97,43.61,268.71,29.57,154.61,16.08,87.4,53.0,67.95,213.65,75.92,60.86,67.54,147.13,117.54,297.24,100.42,128.61,142.73,47.95,97.88,1054.49,1053.05,50.42,1729.56,,74.45,29.12,87.05,116.85,53.83,208.01,113.82,146.92,82.21,83.67
20190605,163.85,78.69,77.06,268.8,179.56,44.52,272.86,29.5,154.61,16.49,88.06,53.76,68.35,217.28,78.05,61.61,67.37,150.64,118.78,302.57,103.31,126.5,140.9,49.07,99.33,1044.64,1042.22,49.69,1738.5,,76.14,30.36,89.37,118.12,53.68,212.77,116.49,147.5,81.65,84.37
20190606,164.72,80.09,77.07,269.19,180.4,44.08,274.8,31.82,154.9,16.96,89.01,53.82,69.16,221.49,78.18,60.95,68.46,150.66,118.81,306.36,103.7,125.05,142.17,49.28,99.5,1047.76,1044.34,50.75,1754.36,,76.53,30.38,90.0,119.43,53.55,212.7,117.35,149.75,81.75,83.94
20190607,166.61,80.74,77.43,267.87,182.92,45.38,278.16,32.41,155.35,16.7,89.28,54.55,69.52,223.06,79.42,60.53,69.08,150.7,118.4,307.66,104.14,127.13,142.82,49.0,100.72,1068.37,1066.04,51.38,1804.03,,75.88,30.92,89.54,121.11,52.91,212.46,116.29,149.87,83.48,85.77
20190610,168.29,81.27,76.95,272.43,184.44,46.01,280.34,33.23,153.52,16.43,90.18,54.35,70.29,221.33,79.55,60.64,70.93,150.32,116.42,315.03,105.54,126.61,136.35,48.78,100.79,1082.76,1080.38,51.21,1860.63,,75.92,30.76,89.02,122.66,53.33,209.85,115.84,151.25,84.77,86.48
20190611,168.91,81.12,78.17,262.03,183.37,46.7,275.99,32.41,152.17,16.38,90.01,54.04,70.09,219.05,79.41,60.76,73.43,151.03,117.14,308.88,105.0,122.85,137.74,48.21,100.43,1081.04,1078.72,52.15,1863.7,11.18,74.93,30.58,88.32,123.23,53.08,208.97,115.38,151.92,84.72,86.3
20190612,169.01,81.95,78.57,254.54,184.59,45.09,276.84,32.18,150.54,16.76,89.25,54.38,70.29,219.95,79.35,60.96,72.18,152.0,120.65,312.0,104.54,122.27,137.67,49.04,100.61,1079.1,1077.03,51.59,1855.32,11.25,76.24,31.1,89.39,122.03,52.96,211.5,117.09,150.39,85.38,85.52
20190613,168.85,82.29,78.95,255.53,184.95,46.05,276.3,31.39,150.61,16.86,89.76,54.47,70.3,220.18,79.19,62.16,72.76,152.76,117.24,311.07,105.31,121.0,140.38,49.23,101.1,1091.01,1088.77,51.21,1870.3,11.02,76.21,33.09,89.59,121.86,53.2,209.01,116.68,151.54,86.44,85.68
20190614,166.69,82.22,78.69,250.96,184.97,45.62,274.28,30.36,151.8,17.09,88.36,55.04,69.97,219.25,78.62,63.12,70.88,151.3,117.93,305.7,106.02,115.92,139.8,50.0,102.14,1086.3,1085.35,50.86,1869.67,10.93,76.71,32.68,90.58,122.0,53.31,211.23,118.27,153.53,85.05,84.99
20190617,166.78,82.05,78.65,256.15,183.9,45.07,275.6,29.2,151.74,16.83,87.33,54.55,70.29,216.87,76.58,62.52,71.24,149.16,120.14,288.68,104.65,115.73,137.96,49.6,101.28,1093.89,1092.5,50.86,1886.03,10.65,76.2,32.56,90.08,121.45,52.99,214.09,117.62,147.79,85.34,84.45
20190618,171.86,83.42,78.25,256.47,184.5,45.77,276.78,30.45,154.83,16.84,87.57,54.92,71.91,218.92,78.24,62.94,70.77,148.74,122.37,290.06,106.15,120.64,137.51,49.19,101.87,1105.24,1103.6,50.12,1901.37,10.8,76.43,32.52,89.78,123.43,53.35,214.39,116.64,150.04,85.45,86.51
20190619,170.75,84.33,77.61,256.3,183.95,45.33,291.21,30.5,153.77,16.57,86.93,55.14,72.65,220.39,79.58,62.86,68.94,149.55,123.77,296.84,107.16,128.16,136.94,49.65,102.76,1104.51,1102.33,49.9,1908.79,10.59,76.9,33.21,90.86,124.68,53.6,216.17,117.98,148.09,86.06,86.8
20190620,173.94,84.94,78.34,260.33,186.52,45.67,302.11,30.01,153.27,16.93,88.6,55.34,73.32,222.05,79.88,60.72,69.49,149.93,128.83,295.67,108.26,130.82,138.19,49.98,103.55,1113.2,1111.42,50.26,1918.19,10.87,77.36,32.15,90.87,124.92,54.25,217.52,118.19,149.29,85.56,88.58
20190621,173.35,85.0,78.78,256.04,185.56,45.91,299.33,29.1,153.24,16.76,87.98,54.95,73.34,222.14,78.55,62.08,68.34,145.28,132.39,283.56,107.84,130.81,137.12,49.96,101.21,1125.37,1121.88,48.0,1911.3,11.02,77.45,31.57,91.55,124.73,53.65,215.18,118.07,146.77,84.46,87.76
20190624,173.38,84.71,78.45,253.17,186.11,47.15,299.87,29.26,152.33,16.63,88.04,55.02,73.14,223.64,78.74,62.42,68.01,145.62,126.98,282.16,107.89,129.57,134.47,49.81,102.19,1116.7,1115.52,48.49,1913.9,11.14,76.9,31.82,90.9,124.14,53.32,214.55,118.4,147.72,83.52,87.85
20190625,172.03,84.24,65.7,257.06,184.9,46.2,287.97,28.86,154.5,16.65,88.51,54.95,72.51,224.7,77.81,61.94,67.79,142.17,125.15,276.02,107.57,162.43,134.42,49.78,101.61,1087.58,1086.35,48.78,1878.27,11.46,76.58,31.26,90.37,123.16,52.73,210.81,117.18,143.7,84.28,87.56
20190626,171.88,82.96,68.0,251.62,183.31,46.73,288.72,29.92,149.93,16.32,90.12,54.24,72.14,223.93,78.61,61.91,69.16,138.91,125.34,268.08,107.59,164.0,135.38,48.98,99.49,1080.32,1079.8,47.94,1897.83,11.51,74.73,31.46,88.5,123.59,52.26,205.8,115.31,146.12,83.78,87.83
20190627,171.5,83.69,70.0,254.93,183.0,47.28,293.23,30.74,151.71,16.54,91.41,54.55,73.19,223.5,79.42,63.11,69.52,140.06,126.11,269.95,108.77,166.01,137.3,48.93,100.14,1076.63,1076.01,47.9,1904.28,11.49,74.65,32.15,87.9,123.94,53.05,205.85,115.26,144.03,85.63,88.26
20190628,173.34,84.1,72.72,260.49,184.77,47.2,294.65,30.37,154.14,16.76,92.14,54.81,74.67,226.37,80.14,63.91,70.41,141.09,130.98,273.7,110.55,167.43,140.13,49.08,101.69,1082.8,1080.91,47.35,1893.63,11.49,75.11,32.61,88.01,123.44,53.28,204.45,116.0,145.16,85.26,90.84
20190701,174.51,84.49,73.4,265.02,186.87,47.5,300.97,31.2,156.59,16.77,92.02,55.82,75.78,228.82,80.38,63.71,70.33,143.19,131.28,271.68,111.52,167.52,142.76,48.99,103.15,1100.0,1097.95,47.69,1922.19,11.43,75.21,32.88,88.13,124.92,53.84,202.3,115.73,145.75,85.59,92.11
20190702,174.02,84.95,74.23,261.49,188.6,47.98,301.39,31.24,159.79,16.95,90.14,56.21,75.61,230.27,80.46,63.09,69.87,144.27,134.08,270.9,110.26,169.54,146.41,49.69,103.27,1112.6,1111.25,48.6,1934.31,11.58,75.9,32.19,89.19,125.1,53.79,205.63,117.28,146.02,85.46,91.22
20190703,174.98,85.64,74.96,261.33,190.97,48.66,305.7,31.19,160.63,17.28,90.73,56.85,76.8,231.4,81.28,63.84,71.54,145.8,133.35,275.0,110.51,169.61,146.81,50.18,104.63,1122.99,1121.58,49.19,1939.0,11.68,76.52,32.72,90.14,125.86,54.83,210.17,118.43,147.82,87.59,91.91
20190705,172.0,85.42,72.99,261.47,191.39,48.15,303.98,31.5,160.62,17.12,91.05,56.81,75.75,230.58,81.7,64.07,70.51,145.0,130.3,273.29,110.99,167.69,148.25,49.95,104.49,1132.665,1131.59,48.78,1942.91,11.61,76.45,32.46,89.84,125.4,54.61,209.04,117.96,150.12,87.97,91.09
20190708,169.19,85.09,71.22,257.78,190.31,46.47,302.92,32.04,158.19,17.15,89.52,56.65,73.84,228.31,81.19,64.68,70.19,145.74,125.3,272.24,109.98,164.95,146.71,49.93,104.38,1116.79,1116.35,49.08,1952.32,11.44,76.47,32.79,89.93,124.85,54.96,208.95,118.02,148.94,87.83,90.6
20190709,165.7,85.27,71.24,257.3,191.09,46.37,304.2,33.15,155.5,17.06,90.42,56.53,73.45,226.05,81.36,63.69,70.62,147.98,125.72,275.41,110.17,166.45,148.01,50.11,104.66,1124.29,1124.83,48.35,1988.3,11.02,76.61,32.36,90.36,125.9,55.52,211.31,118.29,150.2,88.23,90.37
20190710,165.7,85.38,71.65,255.81,191.71,46.84,306.98,33.79,156.43,16.99,90.56,56.51,73.37,226.26,81.73,62.94,70.49,148.92,124.37,286.65,109.32,166.7,147.94,50.37,104.26,1140.91,1140.48,49.0,2017.41,10.96,76.65,32.94,90.81,126.89,55.73,211.53,118.71,148.32,89.3,89.58
20190711,169.04,85.77,71.24,266.09,194.67,47.34,307.6,33.06,156.29,16.96,91.02,56.36,71.74,227.76,82.29,63.31,70.58,145.24,121.49,282.59,109.27,165.97,147.97,50.29,103.15,1144.08,1144.21,49.26,2001.07,11.08,76.68,33.03,90.93,127.28,55.48,209.26,117.47,150.42,90.53,89.59
20190712,173.34,83.92,70.28,262.69,196.21,47.2,309.42,33.21,158.58,17.08,89.76,56.89,71.65,227.16,82.46,64.24,72.63,145.7,120.82,283.91,110.44,165.85,149.6,49.85,103.91,1145.34,1144.9,49.5,2011.0,11.15,76.16,33.78,90.25,127.96,56.27,208.98,116.63,151.14,89.85,91.0
20190715,172.84,83.81,70.27,260.58,195.32,47.66,308.76,34.39,158.92,17.15,89.01,56.57,70.55,227.66,83.47,63.36,72.42,145.33,123.04,284.3,110.76,166.08,150.02,50.0,104.39,1150.51,1150.34,49.54,2020.99,11.08,76.29,33.61,91.19,128.57,56.24,210.7,115.98,150.29,89.93,90.98
20190716,176.49,83.16,69.16,253.75,194.25,46.99,305.7,33.85,161.76,17.29,87.71,56.11,69.95,227.1,83.37,65.41,73.05,143.04,122.82,281.07,110.78,164.26,150.75,49.95,104.85,1153.46,1153.58,49.41,2009.9,10.9,76.23,34.22,90.51,128.06,56.03,209.31,115.76,150.89,89.0,91.3
20190717,174.67,85.76,68.32,260.06,193.81,46.68,309.39,33.6,157.67,17.65,85.33,55.64,69.59,226.43,83.83,63.78,72.64,142.99,123.41,283.91,108.82,162.46,150.74,50.27,102.94,1146.74,1146.35,49.45,1992.03,11.18,76.74,33.26,91.02,127.08,55.37,208.74,116.09,148.47,85.46,89.28
20190718,173.06,87.76,68.25,262.77,194.82,45.72,310.08,33.0,157.9,17.53,87.92,56.13,70.13,225.54,83.5,64.36,73.0,143.85,123.26,283.37,109.44,162.05,158.0,50.85,103.2,1147.24,1146.33,50.53,1977.9,11.28,77.16,33.74,91.76,128.4,55.6,208.66,117.25,150.08,86.76,88.9
20190719,172.61,87.49,68.54,260.47,193.93,45.14,306.87,32.51,156.93,17.22,88.37,55.0,68.7,224.53,83.45,63.49,74.47,141.58,120.8,281.21,107.59,163.16,151.56,49.93,101.41,1131.55,1130.1,50.53,1964.52,11.27,75.98,33.08,90.28,124.82,55.94,205.56,114.98,148.66,85.52,88.71
20190722,174.64,88.07,68.0,263.97,194.44,45.57,308.55,32.85,158.9,17.06,87.95,55.06,69.09,226.01,82.66,62.87,73.18,140.89,122.32,274.47,108.02,162.63,152.74,49.89,101.21,1139.21,1138.07,49.67,1985.63,10.74,76.28,32.9,90.12,126.0,55.88,206.7,115.23,147.83,85.05,88.61
20190723,177.52,88.74,67.73,264.67,194.46,45.92,307.88,33.49,157.64,16.83,90.07,55.19,69.89,228.86,83.2,65.1,74.58,142.39,122.42,272.96,108.83,161.89,155.08,49.59,101.51,1148.05,1146.21,50.04,1994.49,10.86,76.23,33.73,89.51,128.2,56.29,206.8,114.47,149.09,85.81,89.8
20190724,179.42,88.59,67.46,275.94,194.47,46.86,310.27,34.11,158.5,16.87,91.58,53.92,69.58,224.86,83.42,65.57,75.53,142.86,120.97,275.16,108.22,160.98,157.34,49.51,102.08,1139.73,1137.81,49.78,2000.81,10.79,76.43,34.59,89.61,127.95,57.39,204.79,114.01,151.47,86.89,89.98
20190725,178.13,88.0,66.66,272.21,194.97,47.19,308.73,33.67,150.03,16.91,89.34,53.77,69.85,227.65,82.7,63.86,74.61,143.06,118.03,200.9,104.81,160.05,156.64,49.39,102.04,1135.94,1132.12,49.59,1973.82,10.98,76.25,31.67,89.08,127.15,57.08,205.42,113.86,146.97,85.93,89.23
20190726,173.98,87.75,67.76,272.66,196.93,47.99,311.27,34.02,152.62,16.94,90.05,53.89,69.5,230.55,83.92,64.92,74.58,143.46,114.63,198.84,105.26,160.98,158.87,49.79,102.93,1245.22,1250.41,49.86,1943.05,10.96,76.59,31.24,88.95,126.78,57.27,204.59,115.09,149.93,86.12,89.28
20190729,176.76,88.55,67.18,275.93,197.35,48.45,307.22,33.48,153.04,17.06,86.65,52.96,70.37,231.19,83.52,63.97,73.09,144.15,112.36,196.05,103.7,160.97,157.55,50.15,101.81,1241.84,1239.41,50.31,1912.45,10.87,76.85,30.74,89.74,127.19,56.48,205.57,115.31,149.74,87.23,88.55
20190730,177.63,88.31,67.18,279.23,195.65,48.29,303.64,33.87,151.8,17.15,86.78,52.88,70.15,231.81,84.03,64.01,73.6,148.02,114.45,203.25,104.27,160.87,157.77,49.67,101.83,1228.0,1225.14,48.5,1898.53,10.61,76.21,30.71,88.72,126.47,56.32,208.65,115.11,148.53,88.72,90.75
20190731,174.72,87.1,66.62,278.56,192.58,48.74,298.86,30.45,150.64,16.79,85.79,52.64,69.41,228.27,88.13,63.36,72.96,146.36,113.29,209.08,103.54,160.5,156.92,49.54,107.4,1218.2,1216.68,47.07,1866.78,10.6,75.69,30.51,87.81,124.37,55.99,211.62,114.78,145.51,87.15,89.61
20190801,173.36,86.08,65.8,204.87,194.16,50.19,298.44,29.86,149.95,17.3,82.74,52.31,69.21,226.37,90.11,63.14,69.59,145.54,114.91,202.35,102.48,160.91,156.04,49.98,104.88,1211.78,1209.01,47.88,1855.32,10.51,76.64,29.84,88.81,124.09,54.71,211.41,117.02,140.56,91.7,88.32
20190802,170.55,85.82,65.35,200.62,193.01,49.02,293.71,29.44,145.78,16.83,81.12,52.53,68.08,222.84,88.32,63.27,68.68,144.87,112.34,199.38,101.83,161.02,155.76,50.13,104.51,1196.32,1193.99,47.93,1823.24,10.54,75.74,29.45,88.7,124.31,54.33,215.47,117.29,135.3,90.44,86.5
20190805,164.71,83.16,65.23,204.53,185.55,46.1,280.36,27.99,143.16,16.32,78.99,51.36,65.86,220.06,84.01,61.52,65.41,142.67,107.9,188.37,99.68,160.63,152.13,49.75,101.78,1154.75,1152.32,46.65,1765.13,10.3,75.05,28.53,88.02,120.72,52.81,213.9,115.38,130.45,88.7,84.08
20190806,163.71,84.86,64.77,200.48,188.81,46.59,286.21,28.86,145.64,15.7,81.24,52.03,67.66,221.42,85.92,62.47,65.45,144.28,109.39,188.44,99.83,159.49,153.48,50.44,103.87,1171.08,1169.95,46.16,1787.83,10.24,75.0,28.36,89.14,122.55,54.38,216.95,117.42,133.27,84.11,85.74
20190807,163.64,84.6,64.46,189.93,188.87,48.1,289.02,29.19,144.04,15.67,79.1,52.11,67.97,223.47,86.71,63.11,67.59,144.36,108.91,183.9,98.33,158.84,153.21,50.69,103.33,1175.91,1173.99,46.23,1793.4,10.43,75.22,28.63,89.74,123.54,54.41,217.43,118.45,131.05,85.85,85.26
20190808,164.22,85.56,65.45,191.7,194.18,49.33,297.78,33.92,144.43,15.85,81.12,52.88,69.49,227.98,88.91,64.53,73.49,146.45,112.11,188.28,99.15,159.85,155.28,51.34,105.3,1206.19,1204.8,46.5,1832.89,10.61,76.32,29.08,89.51,125.29,56.82,221.02,119.41,134.94,87.89,86.93
20190809,163.47,86.62,65.58,191.0,191.48,48.06,294.83,34.19,144.33,15.57,80.02,52.88,68.64,229.87,89.92,63.93,70.25,145.32,109.98,183.33,98.73,159.84,153.72,51.49,104.09,1188.9,1188.01,46.16,1807.58,10.47,76.69,28.78,89.97,126.17,56.26,222.23,120.55,131.82,87.45,85.33
20190812,162.12,84.635,64.53,191.72,190.0,47.08,288.65,32.43,142.11,15.24,79.63,52.32,66.62,227.13,89.21,62.11,67.41,142.85,108.69,179.68,96.98,158.65,150.11,51.38,102.83,1174.5,1174.71,46.02,1784.92,10.27,76.64,27.64,90.38,123.95,55.08,222.3,122.51,125.48,87.38,85.03
20190813,164.88,86.89,65.01,197.15,192.88,48.13,293.17,32.11,142.23,15.17,79.25,52.92,67.64,229.67,89.37,61.17,68.45,144.26,111.47,182.0,97.46,159.94,152.44,51.44,104.44,1196.73,1197.27,46.78,1824.34,10.43,76.51,27.51,90.25,126.32,56.12,221.1,121.83,128.72,89.26,86.09
20190814,158.81,83.94,63.5,190.13,186.97,45.26,283.66,30.24,136.49,14.79,76.79,51.28,65.59,222.59,84.08,59.23,64.29,143.16,107.65,174.29,94.08,157.4,150.11,50.85,101.69,1164.25,1164.29,45.87,1762.96,9.95,75.25,26.1,88.48,122.65,53.39,218.88,121.2,122.4,86.34,83.33
20190815,156.84,83.94,62.98,192.06,189.56,45.51,282.71,29.67,137.5,14.77,74.49,52.07,69.59,226.34,85.01,59.02,61.66,145.16,109.04,174.37,94.72,156.34,152.5,51.57,101.84,1169.32,1167.26,45.49,1776.12,9.7,75.81,25.41,90.36,122.38,53.74,224.2,124.5,122.75,85.97,84.33
20190816,161.5,84.78,64.43,193.01,193.22,46.66,287.45,31.18,136.59,15.2,75.94,52.65,71.08,228.76,86.65,60.36,63.09,148.1,110.85,177.29,95.43,158.25,138.69,51.63,103.22,1179.21,1177.6,46.48,1792.57,9.92,76.64,25.79,90.23,124.63,54.31,222.93,124.22,126.34,87.34,85.65
20190819,162.95,85.56,66.56,192.31,195.18,47.92,287.97,31.48,136.35,15.36,76.71,52.68,71.75,228.57,87.07,60.59,64.92,148.95,112.68,177.62,96.55,159.25,136.54,51.98,103.99,1200.44,1198.45,46.7,1816.12,10.11,76.97,26.1,90.55,124.4,54.81,225.19,123.99,128.03,87.75,86.7
20190820,161.01,84.54,66.41,192.63,194.2,48.8,285.71,30.72,135.38,15.19,75.79,51.86,71.12,225.73,86.65,60.11,64.17,147.84,111.43,174.5,95.0,159.11,130.75,51.87,103.22,1183.53,1182.69,46.03,1801.38,9.97,76.66,25.83,90.77,121.42,53.43,225.56,123.61,126.35,86.3,86.21
20190821,161.15,84.9,67.54,195.84,195.73,49.04,291.53,31.7,136.23,15.32,75.88,48.98,72.2,228.64,88.87,59.81,65.91,148.55,114.84,176.39,95.46,161.25,138.07,52.16,103.89,1191.58,1191.25,46.25,1823.54,9.65,76.92,26.42,91.35,122.5,53.69,227.38,124.05,127.95,86.32,86.33
20190822,160.88,84.37,67.52,195.44,196.34,49.08,287.69,31.9,137.5,15.2,76.51,49.51,71.74,225.28,88.72,59.73,63.22,149.41,123.49,178.97,95.69,160.93,135.53,52.18,104.5,1191.52,1189.53,46.59,1805.6,9.54,76.82,26.53,90.97,122.27,53.75,228.51,124.7,128.58,85.55,85.77
20190823,155.85,81.93,65.97,189.59,192.81,47.33,282.44,29.54,135.05,14.79,74.64,48.36,69.55,220.64,86.99,57.93,59.95,146.83,115.33,175.04,93.42,158.96,130.58,51.64,101.98,1153.58,1151.29,46.41,1749.62,9.44,75.33,25.42,89.58,117.76,52.49,226.57,122.81,124.49,83.54,83.62
20190826,156.12,83.12,66.46,190.44,195.47,48.69,288.74,30.28,135.0,14.84,75.08,48.95,69.64,222.79,87.85,58.38,60.81,147.24,111.66,175.19,94.02,160.22,127.47,52.26,103.21,1171.18,1168.89,47.12,1768.87,9.72,75.85,25.19,90.83,118.53,53.08,230.07,124.75,126.15,85.9,82.96
20190827,155.75,83.65,65.67,190.06,197.16,51.09,289.45,30.2,134.89,14.61,74.84,48.98,69.48,225.54,88.21,58.01,59.3,146.24,110.16,173.8,93.77,160.77,122.08,52.34,102.63,1170.82,1167.84,45.25,1761.83,9.78,75.75,24.45,90.67,117.75,52.74,229.79,125.1,125.24,81.28,83.73
20190828,157.55,84.22,66.07,191.2,196.84,50.21,282.13,30.78,136.76,14.86,75.03,49.12,69.94,225.79,88.19,58.74,59.32,147.41,111.27,177.31,94.29,159.98,122.24,52.38,102.41,1173.75,1171.02,45.85,1764.25,9.71,75.75,25.33,89.63,119.09,52.45,230.14,126.04,125.85,81.01,84.11
20190829,160.36,84.82,66.22,192.01,198.74,50.96,286.63,31.45,138.07,15.12,75.78,49.6,70.7,224.44,89.38,59.96,60.49,149.38,112.17,179.95,95.8,159.66,122.75,52.53,102.22,1194.24,1192.85,44.25,1786.4,9.74,77.15,26.32,90.72,120.74,52.46,230.41,126.9,128.43,81.91,86.11
20190830,161.72,85.32,65.74,193.07,198.17,50.6,284.51,31.45,137.95,15.33,76.63,50.18,71.11,225.92,89.13,59.72,61.73,149.84,100.76,183.11,96.27,159.72,122.95,52.45,102.39,1190.53,1188.1,43.74,1776.29,9.82,77.15,26.31,91.15,120.37,52.04,230.19,127.32,128.98,82.27,85.93
20190903,158.64,84.06,65.4,183.64,195.75,51.06,282.45,30.9,140.36,15.34,74.97,50.38,70.41,225.56,89.12,60.43,60.23,149.99,95.18,177.91,95.33,159.8,122.05,53.56,102.54,1169.55,1168.39,44.04,1789.84,9.71,78.49,26.51,92.78,117.6,52.4,237.84,129.5,127.2,84.04,83.38
20190904,160.07,84.22,66.38,183.38,197.71,53.5,284.6,30.95,141.89,15.29,76.03,50.79,70.86,227.42,90.88,61.77,61.31,152.59,97.53,176.38,96.76,161.69,123.33,53.51,103.9,1182.27,1181.41,44.3,1800.62,9.71,78.49,27.0,93.05,118.4,54.4,241.07,128.75,129.27,85.18,85.17
20190905,164.23,85.9,67.03,190.25,199.49,54.58,287.75,31.5,146.55,15.44,78.74,51.13,73.52,224.57,92.54,63.39,62.97,152.19,100.28,177.11,98.62,162.41,126.99,52.56,104.38,1212.19,1211.38,43.85,1840.72,9.77,77.14,27.69,91.53,120.67,54.68,235.75,126.53,133.41,86.04,88.33
20190906,163.94,86.04,67.62,189.43,201.12,54.58,284.94,30.56,147.21,15.31,78.63,51.57,74.28,225.59,91.82,63.09,63.23,153.11,103.84,175.06,98.95,163.26,125.96,52.26,105.31,1206.32,1204.93,43.85,1833.51,9.87,76.19,27.79,91.09,120.19,54.85,232.59,125.7,134.75,86.32,89.27
20190909,165.94,84.22,66.7,186.81,194.83,55.19,279.3,30.5,147.43,15.03,83.05,51.08,74.18,216.36,89.59,64.77,65.36,152.55,106.4,173.16,97.94,162.37,129.03,51.29,105.79,1205.27,1204.41,44.04,1831.35,9.81,75.18,28.44,91.38,119.92,55.41,224.0,122.36,137.87,87.13,89.77
20190910,168.86,83.21,68.18,191.82,189.66,56.03,276.14,30.23,154.7,15.18,86.38,50.97,74.77,213.78,88.28,64.99,68.28,151.61,109.6,177.8,98.26,164.0,132.28,50.96,105.68,1205.7,1206.0,44.24,1820.55,10.06,74.21,29.12,91.09,117.31,55.5,216.21,120.83,144.63,85.88,88.4
20190911,168.08,84.52,69.49,191.07,191.37,54.91,277.78,29.76,158.86,15.55,88.23,51.4,76.99,216.34,89.6,65.83,69.25,152.33,108.9,179.77,99.93,165.84,135.37,51.43,106.15,1220.0,1220.17,44.72,1822.99,10.14,74.77,29.76,91.69,118.0,56.6,212.7,121.25,145.57,87.79,88.1
20190912,170.58,85.21,70.83,188.02,195.52,55.45,278.02,30.21,155.2,15.67,88.21,51.47,77.57,220.67,90.99,65.68,69.28,153.38,108.26,174.62,100.33,166.35,134.69,51.7,106.58,1234.97,1234.25,44.46,1843.55,10.1,76.5,29.94,92.02,119.02,56.76,218.85,121.76,146.38,84.64,89.82
20190913,171.44,84.27,70.51,186.41,194.62,55.95,278.35,30.69,157.0,15.79,88.67,51.77,77.9,222.24,90.41,65.87,69.28,151.52,107.4,177.47,102.24,166.14,133.73,51.65,105.81,1240.03,1239.56,42.01,1839.34,10.22,76.6,29.95,91.54,119.2,57.29,215.37,121.22,147.43,83.42,90.7
20190916,169.67,83.36,70.58,190.54,194.16,55.78,282.93,30.83,156.07,16.0,88.4,51.91,77.15,215.24,89.43,64.66,68.84,153.16,108.54,179.37,102.13,165.56,132.95,51.93,106.38,1231.63,1231.3,41.41,1807.84,9.67,77.17,27.77,91.71,117.64,56.32,216.77,120.98,147.43,83.79,90.86
20190917,168.07,83.58,71.6,190.54,194.95,55.35,284.69,30.99,156.07,15.89,87.0,52.44,76.4,221.57,91.18,64.92,67.76,153.92,107.83,177.65,101.56,166.1,131.41,52.81,107.94,1229.88,1229.15,41.31,1822.55,9.76,77.54,28.64,92.73,119.05,57.08,221.3,121.76,146.09,83.18,90.39
20190918,167.44,83.64,71.27,190.67,194.13,55.12,279.72,30.42,153.79,16.05,86.81,52.61,77.57,221.62,90.94,64.93,67.4,153.02,102.98,175.8,102.31,166.0,130.91,52.95,107.99,1232.65,1232.41,40.84,1817.46,9.82,78.48,28.6,93.02,118.74,57.65,221.61,121.52,147.54,83.0,90.02
20190919,167.07,83.23,71.67,192.32,194.67,55.01,281.26,30.29,152.8,15.95,85.95,52.56,78.07,222.28,89.26,64.58,68.29,154.04,105.67,180.36,102.13,165.73,130.72,53.11,108.36,1238.75,1238.71,40.12,1821.5,9.79,78.66,28.3,93.18,117.79,57.89,227.07,122.38,147.29,84.63,90.21
20190920,166.76,83.58,72.39,192.76,193.09,54.76,277.91,30.05,155.69,16.09,85.65,51.97,77.97,221.55,89.43,65.0,68.86,153.44,106.32,186.54,101.57,166.47,130.19,53.18,107.92,1229.84,1229.93,40.81,1794.16,9.66,79.04,27.99,93.18,116.8,57.45,225.56,122.83,145.78,85.12,89.88
20190923,166.76,83.16,72.93,186.01,192.84,54.18,277.44,30.64,161.22,16.25,85.32,52.35,78.06,220.46,89.61,64.64,68.22,153.54,104.62,183.89,101.16,166.86,129.3,53.27,108.41,1234.69,1234.03,40.88,1785.3,9.65,78.97,27.5,93.4,118.24,57.3,225.38,122.58,147.29,83.85,89.45
20190924,164.74,82.44,72.95,184.35,190.14,53.96,272.47,29.52,159.22,16.17,83.25,52.42,75.97,220.41,88.65,64.65,67.89,153.15,100.32,183.05,101.59,166.69,126.75,54.16,107.76,1218.33,1218.76,40.73,1741.61,9.6,79.56,26.995,94.59,118.17,57.0,225.16,124.87,144.9,82.7,89.88
20190925,164.0,82.86,72.09,185.28,190.87,54.94,277.43,29.54,162.28,16.12,84.07,52.17,76.33,220.63,90.02,65.05,68.3,153.52,100.4,183.63,101.85,165.95,127.88,54.03,107.66,1245.94,1246.52,40.56,1768.33,9.65,80.26,27.44,94.23,119.12,56.53,222.04,124.57,145.47,83.23,90.51
20190926,163.83,82.66,74.03,177.65,192.12,54.22,283.81,29.47,160.38,16.22,82.97,51.91,76.52,223.29,90.58,64.57,67.19,155.23,98.7,178.99,102.66,166.89,127.78,54.26,108.11,1242.29,1241.39,40.66,1739.84,9.61,80.38,27.19,94.29,118.91,55.88,223.0,125.13,146.12,82.0,90.17
20190927,164.53,81.84,74.85,175.89,191.38,52.33,277.54,28.72,161.68,16.31,82.94,51.89,76.39,221.06,89.79,64.18,68.14,153.11,97.77,175.84,102.5,168.25,126.42,54.03,107.83,1225.95,1225.09,40.13,1725.45,9.73,80.0,27.01,94.2,118.59,56.16,218.98,124.24,147.54,80.94,91.37
20190930,164.4,83.67,75.72,177.89,192.35,52.92,276.25,28.99,165.4,16.34,83.35,52.32,76.63,221.86,91.38,64.91,69.52,154.04,97.94,180.92,103.65,168.29,128.13,53.93,108.68,1221.14,1219.0,40.9,1735.91,9.75,80.05,26.97,93.69,118.28,55.7,221.13,124.23,147.1,82.33,91.82
20191001,158.38,81.84,73.23,170.21,189.62,52.9,272.71,28.76,167.29,16.24,79.67,51.54,74.84,216.48,91.1,64.95,68.31,153.14,97.79,182.3,101.1,166.46,126.04,53.89,107.17,1206.0,1205.1,41.16,1735.65,9.55,79.66,26.8,93.22,116.7,54.37,220.89,123.86,140.74,82.12,88.8
20191002,155.65,79.53,72.13,163.39,184.85,52.25,266.66,28.31,162.96,15.7,76.22,50.58,73.35,210.47,89.87,62.72,66.57,151.9,97.48,179.75,100.24,165.4,123.12,53.31,105.61,1177.92,1176.63,40.21,1713.23,9.42,78.75,25.37,92.13,112.86,53.47,219.99,123.15,135.34,80.98,86.3
20191003,155.23,81.07,73.85,167.03,185.81,54.07,272.4,28.68,159.86,15.8,75.55,51.18,73.87,210.83,90.9,62.3,67.23,154.14,99.17,184.77,101.1,167.22,122.56,53.38,105.65,1189.43,1187.83,40.81,1724.42,9.55,78.5,25.265,92.5,112.55,53.21,223.9,123.73,135.17,81.34,87.39
20191004,155.82,81.99,74.66,169.25,189.64,55.44,276.96,29.01,159.94,16.03,76.47,52.1,75.88,213.88,90.91,63.51,66.32,154.8,98.03,181.59,103.32,168.44,123.88,54.35,108.46,1210.96,1209.0,41.65,1739.65,9.49,79.53,25.83,93.61,114.41,54.43,225.93,125.78,136.19,81.85,88.83
20191007,153.52,81.04,74.33,164.43,186.81,55.41,276.9,28.93,158.27,15.85,74.83,51.95,75.1,213.96,90.23,63.96,65.68,154.35,97.35,184.51,102.58,167.98,122.88,53.78,107.46,1208.25,1207.68,42.17,1732.66,9.39,78.94,25.83,93.71,113.65,53.63,225.28,124.57,134.73,81.86,88.0
20191008,150.74,78.51,73.53,159.49,182.2,54.13,270.83,28.23,154.33,15.51,71.8,51.04,72.49,207.76,88.17,63.18,63.7,153.1,95.8,184.3,102.33,167.1,118.66,53.39,105.9,1190.13,1189.13,42.0,1705.51,9.23,77.42,26.26,92.56,112.54,52.42,226.1,123.88,129.21,80.17,85.98
20191009,150.99,79.5,73.3,159.31,184.34,53.43,274.27,28.46,154.41,15.54,72.25,51.5,73.47,211.74,89.6,64.11,63.6,153.85,94.84,189.21,101.04,166.74,118.42,53.535,106.57,1202.4,1202.31,42.46,1721.99,9.32,77.34,27.065,92.88,113.92,53.04,226.57,124.87,132.19,80.37,86.93
20191010,152.31,80.14,74.45,162.34,183.83,53.69,274.98,28.38,155.95,15.82,73.06,52.07,74.0,214.67,89.36,64.88,65.46,154.13,98.35,194.17,100.7,167.83,118.21,53.49,107.14,1209.47,1208.67,42.98,1720.26,9.32,76.85,27.18,92.61,115.02,54.06,226.28,125.05,134.01,80.82,87.95
20191011,158.1,79.63,73.63,169.64,184.97,54.82,278.29,29.75,158.56,16.01,75.97,52.44,75.3,217.29,89.55,66.08,68.91,153.97,99.25,200.16,101.46,169.09,122.55,53.025,107.93,1215.71,1215.45,42.57,1731.92,9.6,77.05,27.355,92.34,116.4,54.42,224.45,123.69,138.27,81.96,88.51
20191014,160.51,79.82,73.76,176.51,185.5,55.01,277.78,30.53,157.32,15.99,75.29,52.51,75.18,213.86,89.84,66.21,67.56,153.87,101.34,205.15,100.45,168.94,122.54,52.38,108.23,1217.77,1217.14,42.72,1736.43,9.59,76.29,27.615,92.03,116.39,54.21,225.64,121.73,138.82,81.58,88.36
20191015,162.98,81.98,74.5,177.87,187.0,55.56,279.39,30.72,159.73,16.02,76.13,52.83,75.75,215.22,91.33,67.33,67.87,153.28,104.81,209.25,101.79,170.16,123.7,51.99,108.07,1242.24,1243.01,43.43,1767.38,9.59,75.8,28.27,91.74,117.59,54.68,224.21,120.8,140.22,83.2,89.06
20191016,162.18,81.78,74.75,178.67,186.57,55.59,272.7,30.81,162.75,16.13,75.61,52.66,75.27,214.21,90.93,66.83,67.58,155.27,99.51,211.56,103.41,170.92,123.21,52.29,107.49,1243.0,1243.64,43.51,1777.43,9.39,75.72,28.05,92.6,117.41,54.34,221.97,121.63,139.77,86.05,88.54
20191017,163.54,82.38,75.14,176.52,186.04,55.59,269.24,31.14,163.75,16.24,74.7,52.65,74.92,214.37,91.34,66.98,68.22,155.31,99.99,213.92,104.13,172.5,123.36,52.74,107.74,1252.8,1253.07,44.28,1787.48,9.59,75.8,27.93,93.0,119.1,54.06,225.91,122.42,140.49,89.5,88.51
20191018,163.1,82.79,76.46,175.3,187.08,54.54,265.52,30.97,163.5,16.38,74.58,52.71,74.57,214.88,91.51,66.84,67.13,156.01,98.41,213.88,103.95,173.6,123.54,52.98,108.41,1244.41,1245.49,44.33,1757.51,9.59,76.62,28.22,94.14,116.76,53.97,229.09,122.41,142.0,89.64,88.35
20191021,165.94,81.65,77.3,175.97,187.34,55.51,266.84,32.03,166.03,16.44,75.47,52.9,75.48,213.5,91.89,69.04,67.24,157.55,100.73,210.04,105.03,174.7,124.77,53.15,109.13,1244.28,1246.15,45.56,1785.66,9.68,76.66,28.62,94.48,119.05,54.55,229.4,122.3,144.3,86.66,88.23
20191022,167.54,80.54,77.87,170.83,182.72,54.52,261.09,31.51,165.98,16.9,75.62,52.42,74.69,206.97,89.09,69.19,66.79,157.14,99.28,213.6,105.25,174.92,124.4,53.37,107.5,1241.2,1242.8,46.34,1765.73,9.66,77.05,28.26,94.15,118.61,53.24,226.74,122.39,142.45,86.06,88.38
20191023,168.76,81.27,77.75,178.73,184.07,54.8,261.32,31.36,165.12,17.13,77.04,52.47,74.98,210.06,90.22,68.91,67.46,157.73,106.63,217.5,104.37,175.0,123.76,53.64,108.18,1257.63,1259.13,46.75,1762.17,9.71,77.06,28.29,94.44,116.49,53.15,226.02,121.94,143.47,85.65,89.0
20191024,161.89,81.36,76.8,179.96,185.0,55.44,269.7,31.72,166.81,16.88,76.9,52.56,75.0,211.47,89.58,68.76,69.45,159.16,106.08,249.47,113.66,173.93,107.02,53.66,108.26,1259.11,1260.99,46.96,1780.78,9.47,77.49,29.41,95.72,116.41,52.9,223.47,122.31,149.63,85.98,89.12
20191025,166.09,81.65,76.53,182.34,183.07,55.26,270.98,32.71,165.56,16.8,77.34,53.26,75.39,213.26,89.15,71.57,63.59,158.25,105.18,243.38,113.33,173.84,104.8,53.18,107.24,1264.3,1265.13,46.8,1761.33,9.72,76.59,30.86,94.35,118.26,52.8,216.67,121.11,149.45,86.8,89.96
20191028,169.06,82.66,78.33,183.91,182.87,54.56,271.35,33.69,166.41,16.98,81.5,53.51,76.15,211.48,89.48,70.08,63.74,158.88,106.56,250.42,115.32,174.22,106.79,52.73,106.6,1288.98,1290.0,45.99,1777.08,9.58,75.84,31.36,93.37,118.58,52.55,210.75,119.56,152.81,87.39,90.4
20191029,168.81,83.45,78.47,184.95,184.8,54.0,271.45,33.03,164.35,17.09,84.06,53.58,76.17,217.82,87.89,69.76,63.03,156.31,107.49,256.12,115.43,174.64,103.98,52.52,108.22,1260.66,1262.62,46.38,1762.71,9.48,76.48,30.92,93.17,117.42,52.1,216.16,119.59,153.7,88.87,91.63
20191030,168.37,84.01,79.66,181.77,186.58,55.87,278.41,33.13,163.97,17.21,80.73,53.36,76.12,216.73,87.39,70.38,62.67,159.06,106.25,252.71,116.51,175.79,102.79,52.95,104.95,1260.7,1261.29,45.96,1779.99,9.56,77.58,30.29,94.1,118.07,52.61,217.24,120.97,152.0,85.85,91.31
20191031,164.99,83.61,79.55,207.58,185.42,56.03,277.93,33.93,162.48,17.05,79.88,53.16,75.75,213.26,86.5,69.43,60.74,158.75,105.4,252.29,116.04,176.11,100.0,53.34,106.42,1258.8,1260.11,44.79,1776.66,9.52,77.7,30.06,94.39,117.28,52.96,218.08,123.27,150.89,85.38,91.65
20191101,170.09,82.66,81.75,216.79,188.22,55.82,277.82,34.89,164.82,17.51,82.15,53.61,76.97,213.56,87.5,70.15,64.49,158.42,109.38,257.04,118.19,178.29,101.06,53.03,105.9,1272.25,1273.74,45.06,1791.44,9.73,77.36,30.56,93.56,119.14,53.76,215.52,122.78,152.89,86.87,94.2
20191104,174.9,82.22,82.99,220.42,187.8,55.71,277.5,36.29,166.61,17.42,86.1,53.45,76.74,214.42,87.51,70.63,67.7,157.2,108.53,258.77,118.13,178.8,102.33,52.18,106.49,1289.61,1291.37,45.6,1804.66,9.89,76.09,30.95,92.8,119.62,54.93,211.07,120.05,155.34,87.5,95.62
20191105,175.27,82.34,81.84,217.54,186.88,55.54,289.29,36.15,168.14,17.19,87.17,52.94,75.55,216.58,87.79,71.38,67.37,155.08,107.23,257.91,117.1,178.41,103.88,51.71,105.84,1291.44,1292.03,46.25,1801.71,10.0,74.96,31.18,91.4,118.77,54.81,206.01,120.09,158.29,86.13,96.25
