table,indicator,isfilter,isprimarykey,title,description,unittype
SF1,revenue,N,N,Revenues,[Income Statement] Amount of Revenue recognized from goods sold; services rendered; insurance premiums; or other activities that constitute an earning process. Interest income for financial institutions is reported net of interest expense and provision for credit losses.,currency
SF1,cor,N,N,Cost of Revenue,[Income Statement] The aggregate cost of goods produced and sold and services rendered during the reporting period.,currency
SF1,sgna,N,N,Selling General and Administrative Expense,[Income Statement] A component of [OpEx] representing the aggregate total costs related to selling a firm's product and services; as well as all other general and administrative expenses. Direct selling expenses (for example; credit; warranty; and advertising) are expenses that can be directly linked to the sale of specific products. Indirect selling expenses are expenses that cannot be directly linked to the sale of specific products; for example telephone expenses; Internet; and postal charges. General and administrative expenses include salaries of non-sales personnel; rent; utilities; communication; etc.,currency
SF1,rnd,N,N,Research and Development Expense,[Income Statement] A component of [OpEx] representing the aggregate costs incurred in a planned search or critical investigation aimed at discovery of new knowledge with the hope that such knowledge will be useful in developing a new product or service.,currency
SF1,opex,N,N,Operating Expenses,[Income Statement] Operating expenses represents the total expenditure on [SGnA]; [RnD] and other operating expense items; it excludes [CoR].,currency
SF1,intexp,N,N,Interest Expense,[Income Statement] Amount of the cost of borrowed funds accounted for as interest expense.,currency
SF1,taxexp,N,N,Income Tax Expense,[Income Statement] Amount of current income tax expense (benefit) and deferred income tax expense (benefit) pertaining to continuing operations.,currency
SF1,netincdis,N,N,Net Loss Income from Discontinued Operations,[Income Statement] Amount of loss (income) from a disposal group; net of income tax; reported as a separate component of income.,currency
SF1,consolinc,N,N,Consolidated Income,[Income Statement] The portion of profit or loss for the period; net of income taxes; which is attributable to the consolidated entity; before the deduction of [NetIncNCI].,currency
SF1,netincnci,N,N,Net Income to Non-Controlling Interests,[Income Statement] The portion of income which is attributable to non-controlling interest shareholders; subtracted from [ConsolInc] in order to obtain [NetInc].,currency
SF1,netinc,N,N,Net Income,[Income Statement] The portion of profit or loss for the period; net of income taxes; which is attributable to the parent after the deduction of [NetIncNCI] from [ConsolInc]; and before the deduction of [PrefDivIS].,currency
SF1,prefdivis,N,N,Preferred Dividends Income Statement Impact,[Income Statement] Income statement item reflecting dividend payments to preferred stockholders. Subtracted from Net Income to Parent [NetInc] to obtain Net Income to Common Stockholders [NetIncCmn].,currency
SF1,netinccmn,N,N,Net Income Common Stock,[Income Statement] The amount of net income (loss) for the period due to common shareholders. Typically differs from [NetInc] to the parent entity due to the deduction of [PrefDivIS].,currency
SF1,eps,N,N,Earnings per Basic Share,[Income Statement] Earnings per share as calculated and reported by the company. Approximates to the amount of [NetIncCmn] for the period per each [SharesWA] after adjusting for [ShareFactor].,currency/share
SF1,epsdil,N,N,Earnings per Diluted Share,[Income Statement] Earnings per diluted share as calculated and reported by the company. Approximates to the amount of [NetIncCmn] for the period per each [SharesWADil] after adjusting for [ShareFactor]..,currency/share
SF1,shareswa,N,N,Weighted Average Shares,[Income Statement] The weighted average number of shares or units issued and outstanding that are used by the company to calculate [EPS]; determined based on the timing of issuance of shares or units in the period.,units
SF1,shareswadil,N,N,Weighted Average Shares Diluted,[Income Statement] The weighted average number of shares or units issued and outstanding that are used by the company to calculate [EPSDil]; determined based on the timing of issuance of shares or units in the period.,units
SF1,capex,N,N,Capital Expenditure,[Cash Flow Statement] A component of [NCFI] representing the net cash inflow (outflow) associated with the acquisition & disposal of long-lived; physical & intangible assets that are used in the normal conduct of business to produce goods and services and are not intended for resale. Includes cash inflows/outflows to pay for construction of self-constructed assets & software.,currency
SF1,ncfbus,N,N,Net Cash Flow - Business Acquisitions and Disposals,[Cash Flow Statement] A component of [NCFI] representing the net cash inflow (outflow) associated with the acquisition & disposal of businesses; joint-ventures; affiliates; and other named investments.,currency
SF1,ncfinv,N,N,Net Cash Flow - Investment Acquisitions and Disposals,[Cash Flow Statement] A component of [NCFI] representing the net cash inflow (outflow) associated with the acquisition & disposal of investments; including marketable securities and loan originations.,currency
SF1,ncff,N,N,Net Cash Flow from Financing,[Cash Flow Statement] A component of [NCF] representing the amount of cash inflow (outflow) from financing activities; from continuing and discontinued operations. Principal components of financing cash flow are: issuance (purchase) of equity shares; issuance (repayment) of debt securities; and payment of dividends & other cash distributions.,currency
SF1,ncfdebt,N,N,Issuance (Repayment) of Debt Securities ,[Cash Flow Statement] A component of [NCFF] representing the net cash inflow (outflow) from issuance (repayment) of debt securities.,currency
SF1,ncfcommon,N,N,Issuance (Purchase) of Equity Shares,[Cash Flow Statement] A component of [NCFF] representing the net cash inflow (outflow) from common equity changes. Includes additional capital contributions from share issuances and exercise of stock options; and outflow from share repurchases. ,currency
SF1,ncfdiv,N,N,Payment of Dividends & Other Cash Distributions   ,[Cash Flow Statement] A component of [NCFF] representing dividends and dividend equivalents paid on common stock and restricted stock units.,currency
SF1,ncfi,N,N,Net Cash Flow from Investing,[Cash Flow Statement] A component of [NCF] representing the amount of cash inflow (outflow) from investing activities; from continuing and discontinued operations. Principal components of investing cash flow are: capital (expenditure) disposal of equipment [CapEx]; business (acquisitions) disposition [NCFBus] and investment (acquisition) disposal [NCFInv].,currency
SF1,ncfo,N,N,Net Cash Flow from Operations,[Cash Flow Statement] A component of [NCF] representing the amount of cash inflow (outflow) from operating activities; from continuing and discontinued operations.,currency
SF1,ncfx,N,N,Effect of Exchange Rate Changes on Cash ,[Cash Flow Statement] A component of Net Cash Flow [NCF] representing the amount of increase (decrease) from the effect of exchange rate changes on cash and cash equivalent balances held in foreign currencies.,currency
SF1,ncf,N,N,Net Cash Flow / Change in Cash & Cash Equivalents,[Cash Flow Statement] Principal component of the cash flow statement representing the amount of increase (decrease) in cash and cash equivalents. Includes [NCFO]; investing [NCFI] and financing [NCFF] for continuing and discontinued operations; and the effect of exchange rate changes on cash [NCFX].,currency
SF1,sbcomp,N,N,Share Based Compensation,[Cash Flow Statement] A component of [NCFO] representing the total amount of noncash; equity-based employee remuneration. This may include the value of stock or unit options; amortization of restricted stock or units; and adjustment for officers' compensation. As noncash; this element is an add back when calculating net cash generated by operating activities using the indirect method.,currency
SF1,depamor,N,N,Depreciation Amortization & Accretion,[Cash Flow Statement] A component of operating cash flow representing the aggregate net amount of depreciation; amortization; and accretion recognized during an accounting period. As a non-cash item; the net amount is added back to net income when calculating cash provided by or used in operations using the indirect method.,currency
SF1,assets,N,N,Total Assets,[Balance Sheet] Sum of the carrying amounts as of the balance sheet date of all assets that are recognized. Major components are [CashnEq]; [Investments];[Intangibles]; [PPNENet];[TaxAssets] and [Receivables].,currency
SF1,cashneq,N,N,Cash and Equivalents,[Balance Sheet] A component of [Assets] representing the amount of currency on hand as well as demand deposits with banks or financial institutions.,currency
SF1,investments,N,N,Investments,[Balance Sheet] A component of [Assets] representing the total amount of marketable and non-marketable securties; loans receivable and other invested assets.,currency
SF1,investmentsc,N,N,Investments Current,[Balance Sheet] The current portion of [Investments]; reported if the company operates a classified balance sheet that segments current and non-current assets.,currency
SF1,investmentsnc,N,N,Investments Non-Current,[Balance Sheet] The non-current portion of [Investments]; reported if the company operates a classified balance sheet that segments current and non-current assets.,currency
SF1,deferredrev,N,N,Deferred Revenue,[Balance Sheet] A component of [Liabilities] representing the carrying amount of consideration received or receivable on potential earnings that were not recognized as revenue; including sales; license fees; and royalties; but excluding interest income.,currency
SF1,deposits,N,N,Deposit Liabilities,[Balance Sheet] A component of [Liabilities] representing the total of all deposit liabilities held; including foreign and domestic; interest and noninterest bearing. May include demand deposits; saving deposits; Negotiable Order of Withdrawal and time deposits among others.,currency
SF1,ppnenet,N,N,Property Plant & Equipment Net,[Balance Sheet] A component of [Assets] representing the amount after accumulated depreciation; depletion and amortization of physical assets used in the normal conduct of business to produce goods and services and not intended for resale. Includes Operating Right of Use Assets.,currency
SF1,inventory,N,N,Inventory,[Balance Sheet] A component of [Assets] representing the amount after valuation and reserves of inventory expected to be sold; or consumed within one year or operating cycle; if longer.,currency
SF1,taxassets,N,N,Tax Assets,[Balance Sheet] A component of [Assets] representing tax assets and receivables.,currency
SF1,receivables,N,N,Trade and Non-Trade Receivables,[Balance Sheet] A component of [Assets] representing trade and non-trade receivables.,currency
SF1,payables,N,N,Trade and Non-Trade Payables,[Balance Sheet] A component of [Liabilities] representing trade and non-trade payables.,currency
SF1,intangibles,N,N,Goodwill and Intangible Assets,[Balance Sheet] A component of [Assets] representing the carrying amounts of all intangible assets and goodwill as of the balance sheet date; net of accumulated amortization and impairment charges.,currency
SF1,liabilities,N,N,Total Liabilities,[Balance Sheet] Sum of the carrying amounts as of the balance sheet date of all liabilities that are recognized. Principal components are [Debt]; [DeferredRev]; [Payables];[Deposits]; and [TaxLiabilities].,currency
SF1,equity,N,N,Shareholders Equity,[Balance Sheet] A principal component of the balance sheet; in addition to [Liabilities] and [Assets]; that represents the total of all stockholders' equity (deficit) items; net of receivables from officers; directors; owners; and affiliates of the entity which are attributable to the parent.,currency
SF1,retearn,N,N,Accumulated Retained Earnings (Deficit),[Balance Sheet] A component of [Equity] representing the cumulative amount of the entities undistributed earnings or deficit. May only be reported annually by certain companies; rather than quarterly.,currency
SF1,accoci,N,N,Accumulated Other Comprehensive Income,[Balance Sheet] A component of [Equity] representing the accumulated change in equity from transactions and other events and circumstances from non-owner sources; net of tax effect; at period end. Includes foreign currency translation items; certain pension adjustments; unrealized gains and losses on certain investments in debt and equity securities.,currency
SF1,assetsc,N,N,Current Assets,[Balance Sheet] The current portion of [Assets]; reported if a company operates a classified balance sheet that segments current and non-current assets.,currency
SF1,assetsnc,N,N,Assets Non-Current,[Balance Sheet] Amount of non-current assets; for companies that operate a classified balance sheet. Calculated as the different between Total Assets [Assets] and Current Assets [AssetsC].,currency
SF1,liabilitiesc,N,N,Current Liabilities,[Balance Sheet] The current portion of [Liabilities]; reported if the company operates a classified balance sheet that segments current and non-current liabilities.,currency
SF1,liabilitiesnc,N,N,Liabilities Non-Current,[Balance Sheet] The non-current portion of [Liabilities]; reported if the company operates a classified balance sheet that segments current and non-current liabilities.,currency
SF1,taxliabilities,N,N,Tax Liabilities,[Balance Sheet] A component of [Liabilities] representing outstanding tax liabilities.,currency
SF1,debt,N,N,Total Debt,[Balance Sheet] A component of [Liabilities] representing the total amount of current and non-current debt owed. Includes secured and unsecured bonds issued; commercial paper; notes payable; credit facilities; lines of credit; capital lease obligations; operating lease obligations; and convertible notes.,currency
SF1,debtc,N,N,Debt Current,[Balance Sheet] The current portion of [Debt]; reported if the company operates a classified balance sheet that segments current and non-current liabilities.,currency
SF1,debtnc,N,N,Debt Non-Current,[Balance Sheet] The non-current portion of [Debt] reported if the company operates a classified balance sheet that segments current and non-current liabilities.,currency
SF1,ebt,N,N,Earnings before Tax,[Metrics] Earnings Before Tax is calculated by adding [TaxExp] back to [NetInc].,currency
SF1,ebit,N,N,Earning Before Interest & Taxes (EBIT),[Income Statement] Earnings Before Interest and Tax is calculated by adding [TaxExp] and [IntExp] back to [NetInc].,currency
SF1,ebitda,N,N,Earnings Before Interest Taxes & Depreciation Amortization (EBITDA),[Metrics] EBITDA is a non-GAAP accounting metric that is widely used when assessing the performance of companies; calculated by adding [DepAmor] back to [EBIT].,currency
SF1,fxusd,N,N,Foreign Currency to USD Exchange Rate,[Metrics] The exchange rate used for the conversion of foreign currency to USD for non-US companies that do not report in USD.,ratio
SF1,equityusd,N,N,Shareholders Equity (USD),[Balance Sheet] [Equity] in USD; converted by [FXUSD].,USD
SF1,epsusd,N,N,Earnings per Basic Share (USD),[Income Statement] [EPS] in USD; converted by [FXUSD].,USD/share
SF1,revenueusd,N,N,Revenues (USD),[Income Statement] [Revenue] in USD; converted by [FXUSD].,USD
SF1,netinccmnusd,N,N,Net Income Common Stock (USD),[Income Statement] [NetIncCmn] in USD; converted by [FXUSD].,USD
SF1,cashnequsd,N,N,Cash and Equivalents (USD),[Balance Sheet] [CashnEq] in USD; converted by [FXUSD].,USD
SF1,debtusd,N,N,Total Debt (USD),[Balance Sheet] [Debt] in USD; converted by [FXUSD].,USD
SF1,ebitusd,N,N,Earning Before Interest & Taxes (USD),[Income Statement] [EBIT] in USD; converted by [FXUSD].,USD
SF1,ebitdausd,N,N,Earnings Before Interest Taxes & Depreciation Amortization (USD),[Metrics] [EBITDA] in USD; converted by [FXUSD].,USD
SF1,sharesbas,N,N,Shares (Basic),[Entity] The number of shares or other units outstanding of the entity's capital or common stock or other ownership interests; as stated on the cover of related periodic report (10-K/10-Q); after adjustment for stock splits.,units
SF1,dps,N,N,Dividends per Basic Common Share,[Income Statement] Aggregate dividends declared during the period for each split-adjusted share of common stock outstanding. Includes spinoffs where identified.,USD/share
SF1,sharefactor,N,N,Share Factor,[Entity] Share factor is a multiplicant in the calculation of [MarketCap] and is used to adjust for: American Depository Receipts (ADRs) that represent more or less than 1 underlying share; and; companies which have different earnings share for different share classes (eg Berkshire Hathaway - BRK.B).,ratio
SF1,marketcap,N,N,Market Capitalization,[Metrics] Represents the product of [SharesBas]; [Price] and [ShareFactor].,USD
SF1,ev,N,N,Enterprise Value,[Metrics] Enterprise value is a measure of the value of a business as a whole; calculated as [MarketCap] plus [DebtUSD] minus [CashnEqUSD].,USD
SF1,invcap,N,N,Invested Capital,[Metrics] Invested capital is an input into the calculation of [ROIC]; and is calculated as: [Debt] plus [Assets] minus [Intangibles] minus [CashnEq] minus [LiabilitiesC]. Please note this calculation method is subject to change.,currency
SF1,equityavg,N,N,Average Equity,[Metrics] Average equity value for the period used in calculation of [ROE]; derived from [Equity].,currency
SF1,assetsavg,N,N,Average Assets,[Metrics] Average asset value for the period used in calculation of [ROE] and [ROA]; derived from [Assets].,currency
SF1,invcapavg,N,N,Invested Capital Average,[Metrics] Average invested capital value for the period used in the calculation of [ROIC]; and derived from [InvCap]. Invested capital is an input into the calculation of [ROIC]; and is calculated as: [Debt] plus [Assets] minus [Intangibles] minus [CashnEq] minus [LiabilitiesC]. Please note this calculation method is subject to change.,currency
SF1,tangibles,N,N,Tangible Asset Value,[Metrics] The value of tangibles assets calculated as the difference between [Assets] and [Intangibles].,currency
SF1,roe,N,N,Return on Average Equity,[Metrics] Return on equity measures a corporation's profitability by calculating the amount of [NetIncCmn] returned as a percentage of [EquityAvg].,%
SF1,roa,N,N,Return on Average Assets,[Metrics] Return on assets measures how profitable a company is [NetIncCmn] relative to its total assets [AssetsAvg].,%
SF1,fcf,N,N,Free Cash Flow,[Metrics] Free Cash Flow is a measure of financial performance calculated as [NCFO] minus [CapEx].,currency
SF1,roic,N,N,Return on Invested Capital,[Metrics] Return on Invested Capital is ratio estimated by dividing [EBIT] by [InvCapAvg]. [InvCap] is calculated as: [Debt] plus [Assets] minus [Intangibles] minus [CashnEq] minus [LiabilitiesC]. Please note this calculation method is subject to change.,%
SF1,gp,N,N,Gross Profit,[Income Statement] Aggregate revenue [Revenue] less cost of revenue [CoR] directly attributable to the revenue generation activity.,currency
SF1,opinc,N,N,Operating Income,[Income Statement] Operating income is a measure of financial performance before the deduction of [IntExp]; [TaxExp] and other Non-Operating items. It is calculated as [GP] minus [OpEx].,currency
SF1,grossmargin,N,N,Gross Margin,[Metrics] Gross Margin measures the ratio between a company's [GP] and [Revenue].,%
SF1,netmargin,N,N,Profit Margin,[Metrics] Measures the ratio between a company's [NetIncCmn] and [Revenue].,%
SF1,ebitdamargin,N,N,EBITDA Margin,[Metrics] Measures the ratio between a company's [EBITDA] and [Revenue].,%
SF1,ros,N,N,Return on Sales,[Metrics] Return on Sales is a ratio to evaluate a company's operational efficiency; calculated by dividing [EBIT] by [Revenue]. ROS is often a component of DuPont ROE analysis.,%
SF1,assetturnover,N,N,Asset Turnover,[Metrics] Asset turnover is a measure of a firms operating efficiency; calculated by dividing [Revenue] by [AssetsAVG]. Often a component of DuPont ROE analysis.,%
SF1,payoutratio,N,N,Payout Ratio,[Metrics] The percentage of earnings paid as dividends to common stockholders. Calculated by dividing [DPS] by [EPSUSD].,%
SF1,evebitda,N,N,Enterprise Value over EBITDA,[Metrics] Measures the ratio between [EV] and [EBITDAUSD].,ratio
SF1,evebit,N,N,Enterprise Value over EBIT,[Metrics] Measures the ratio between [EV] and [EBITUSD].,ratio
SF1,pe,N,N,Price Earnings (Damodaran Method),[Metrics] Measures the ratio between [MarketCap] and [NetIncCmnUSD],ratio
SF1,pe1,N,N,Price to Earnings Ratio,[Metrics] An alternative to [PE] representing the ratio between [Price] and [EPSUSD].,ratio
SF1,sps,N,N,Sales per Share,[Metrics] Sales per Share measures the ratio between [RevenueUSD] and [SharesWA] as adjusted by [ShareFactor].,USD/share
SF1,ps1,N,N,Price to Sales Ratio,[Metrics] An alternative calculation method to [PS]; that measures the ratio between a company's [Price] and it's [SPS].,ratio
SF1,ps,N,N,Price Sales (Damodaran Method),[Metrics] Measures the ratio between [MarketCap] and [RevenueUSD].,ratio
SF1,pb,N,N,Price to Book Value,[Metrics] Measures the ratio between [MarketCap] and [EquityUSD].,ratio
SF1,de,N,N,Debt to Equity Ratio,[Metrics] Measures the ratio between [Liabilities] and [Equity].,ratio
SF1,divyield,N,N,Dividend Yield,[Metrics] Dividend Yield measures the ratio between a company's [DPS] and its [Price].,%
SF1,currentratio,N,N,Current Ratio,[Metrics] The ratio between [AssetsC] and [LiabilitiesC]; for companies that operate a classified balance sheet.,ratio
SF1,workingcapital,N,N,Working Capital,[Metrics] Working capital measures the difference between [AssetsC] and [LiabilitiesC].,currency
SF1,fcfps,N,N,Free Cash Flow per Share,[Metrics] Free Cash Flow per Share is a valuation metric calculated by dividing [FCF] by [SharesWA] and [ShareFactor].,currency/share
SF1,bvps,N,N,Book Value per Share,[Metrics] Measures the ratio between [Equity] and [SharesWA] as adjusted by [ShareFactor].,currency/share
SF1,tbvps,N,N,Tangible Assets Book Value per Share,[Metrics] Measures the ratio between [Tangibles] and [SharesWA] as adjusted by [ShareFactor].,currency/share
SF1,price,N,N,Share Price (Adjusted Close),[Entity] The price per common share adjusted for stock splits but not adjusted for dividends; used in the computation of [PE1]; [PS1]; [DivYield] and [SPS].,USD/share
SF1,ticker,Y,Y,Ticker Symbol,[Entity] The ticker is a unique identifer for an issuer in the database. Where a company is delisted and the ticker is recycled; we utilise that ticker for the currently active company and append a number to the ticker of the delisted company. For example GM represents the current actively traded General Motors entity; and GM1 represents the entity that filed for bankruptcy in 2009. Where we have identified that multiple classes of shares exist for a company; we include the alternative share classes in the Related Tickers field of the ticker listing. For example we provide data for GOOGL; and you find GOOG in the Related Ticker field. This should not be considered an exhaustive list of alternative share classes.,text
SF1,dimension,Y,Y,Dimension,[Entity] The dimension field allows you to take different dimensional views of data over time. ARQ: Quarterly; excluding restatements; MRQ: Quarterly; including restatements; ARY: annual; excluding restatements; MRY: annual; including restatements; ART: trailing-twelve-months; excluding restatements; MRT: trailing-twelve-months; including restatements.,text
SF1,calendardate,Y,N,Calendar Date,"[Entity] The Calendar Date represents the normalized [ReportPeriod]. This provides a common date to query for which is necessary due to irregularity in report periods across companies. For example; if the report period is ""2015-09-26""; the calendar date will be ""2015-09-30"" for quarterly and trailing-twelve-month dimensions (ARQ;MRQ;ART;MRT); and ""2015-12-31"" for annual dimensions (ARY;MRY). We also employ offsets in order to maximise comparability of the period across companies. For example consider two companies: one with a quarter ending on 2018-07-24; and the other with a quarter ending on 2018-06-28. A naive normalization process would assign these to differing calendar quarters of 2018-09-30 and 2018-06-30 respectively. However, we assign these both to the 2018-06-30 calendar quarter because this maximises the overlap in the report periods in question and therefore the comparability of this period.",date (YYYY-MM-DD)
SF1,datekey,N,Y,Date Key,[Entity] The Date Key represents the SEC filing date for AR dimensions (ARQ;ART;ARY); and the [REPORTPERIOD] for MR dimensions (MRQ;MRT;MRY). In addition; this is the observation date used for [Price] based data such as [MarketCap]; [Price] and [PE].,date (YYYY-MM-DD)
SF1,reportperiod,N,Y,Report Period,[Entity] The Report Period represents the end date of the fiscal period.,date (YYYY-MM-DD)
SF1,lastupdated,Y,N,Last Updated Date,[Entity] Last Updated represents the last date that this database entry was updated; which is useful to users when updating their local records.,date (YYYY-MM-DD)
SF2,ticker,Y,Y,Ticker Symbol,The ticker is a unique identifer for an issuer in the database. Where a company is delisted and the ticker is recycled; we utilise that ticker for the currently active company and append a number to the ticker of the delisted company. For example GM represents the current actively traded General Motors entity; and GM1 represents the entity that filed for bankruptcy in 2009. Where we have identified that multiple classes of shares exist for a company; we include the alternative share classes in the Related Tickers field of the ticker listing. For example we provide data for GOOGL; and you find GOOG in the Related Ticker field. This should not be considered an exhaustive list of alternative share classes.,text
SF2,filingdate,Y,Y,Filing Date,The date the form was filed with the SEC.,date (YYYY-MM-DD)
SF2,formtype,N,Y,Form Type,"The type of SEC form . Available options are 3; 4 or 5 that the data are sourced from. Preprended by ""RESTATED"" in the event that the filing is subsequently restated.",text
SF2,issuername,N,N,Issuer Name,The name of the security issuer.,text
SF2,ownername,Y,Y,Owner Name (Insider / Investor),The name of the owner.,text
SF2,officertitle,N,N,Officer Title,Is the owner is an officer of the company the officer's title is provided.,text
SF2,isdirector,N,N,Is Director?,Is the owner a Board Director? [Y]es or [N]o.,Y/N
SF2,isofficer,N,N,Is Officer?,Is the owner an officer of the company? [Y]es or [N]o.,Y/N
SF2,istenpercentowner,N,N,Is Ten Percent Owner?,Does the owner hold ten percent or more of the class of security? [Y]es or [N]o.,Y/N
SF2,transactiondate,N,N,Transaction Date,If there has been a transaction; the date of the transaction is provided here.,date (YYYY-MM-DD)
SF2,securityadcode,Y,N,Security Acquired/Disposed Code,[D] Derivative; No Transaction [DA] Derivative Acquisition [DD] Derivative Disposition [N] Non-Derivative; No Transaction [NA] Non-Derivative Acquisition [ND] Non-Derivative Disposition,text
SF2,transactioncode,N,N,Transaction Code,The available [Transaction Codes] [Transaction Categories] Descriptions are as follows: [P] [General] Open market or private purchase of non-derivative or derivative security [S] [General] Open market or private sale of non-derivative or derivative security [V] [General] Transaction voluntarily reported earlier than required [A] [Rule 16b-3] Grant; award or other acquisition pursuant to Rule 16b-3(d) [D] [Rule 16b-3] Disposition to the issuer of issuer equity securities pursuant to Rule 16b-3(e) [F] [Rule 16b-3] Payment of exercise price or tax liability by delivering or withholding securities [I] [Rule 16b-3] Discretionary transaction in accordance with Rule 16b-3(f) [M] [Rule 16b-3] Exercise or conversion of derivative security exempted pursuant to Rule 16b-3 [C] [Derivative Codes] Conversion of derivative security [E] [Derivative Codes] Expiration of short derivative position [H] [Derivative Codes] Expiration (or cancellation) of long derivative position with value received [O] [Derivative Codes] Exercise of out-of-the-money derivative security [X] [Derivative Codes] Exercise of in-the-money or at-the-money derivative security [G] [Other Section 16(b) Exempt] Bona fide gift [L] [Other Section 16(b) Exempt] Small acquisition under Rule 16a-6 [W] [Other Section 16(b) Exempt] Acquisition or disposition by will or the laws of descent and distribution [Z] [Other Section 16(b) Exempt] Deposit into or withdrawal from voting trust [J] [Other] Other acquisition or disposition [K] [Other] Transaction in equity swap or instrument with similar characteristics [U] [Other] Disposition pursuant to a tender of shares in a change of control transaction,text
SF2,sharesownedbeforetransaction,N,N,Shares Owned Before Transaction,The number of shares owned before the transaction.,units
SF2,transactionshares,N,N,Transaction Shares,The number of shares transacted.,units
SF2,sharesownedfollowingtransaction,N,N,Shares Owned Following Transaction,The number of shares owned following the transaction.,units
SF2,transactionpricepershare,N,N,Transaction Price per Share,The transaction price per share.,USD/share
SF2,transactionvalue,Y,N,Transaction Value,The value of the transaction.,USD
SF2,securitytitle,N,N,Security Title,The title of the class of security.,text
SF2,directorindirect,N,N,Direct or Indirect?,Is the ownership held [D]irectly or [I]ndirectly?,text
SF2,natureofownership,N,N,Nature of Ownership,Where the ownership is held through an investment vehicle (trust; fund etc) the name of that investment vehicle is provided here.,text
SF2,dateexercisable,N,N,Date Exercisable,The date that an option is exercisable; where applicable and available.,date (YYYY-MM-DD)
SF2,priceexercisable,N,N,Price Exercisable,The price at which an option is exercisable; where applicable and available.,USD
SF2,expirationdate,N,N,Expiration Date,The data at which an option expires; where applicable and available,date (YYYY-MM-DD)
SF2,rownum,N,Y,Row Number,The record number for a particular owner and filing date; which forms part of the key for the record.,numeric
SF3,ticker,Y,Y,Ticker Symbol,The ticker is a unique identifer for an issuer in the database. Where a company is delisted and the ticker is recycled; we utilise that ticker for the currently active company and append a number to the ticker of the delisted company. For example GM represents the current actively traded General Motors entity; and GM1 represents the entity that filed for bankruptcy in 2009. Where we have identified that multiple classes of shares exist for a company; we include the alternative share classes in the Related Tickers field of the ticker listing. For example we provide data for GOOGL; and you find GOOG in the Related Ticker field. This should not be considered an exhaustive list of alternative share classes.,text
SF3,investorname,Y,Y,Institutional Investor Name,The investor name is a unique identifier for the institutional investor.,text
SF3,securitytype,Y,Y,Security Type,The available options to filter the SecurityType field are as follows: [SHR] Common Shares [FND] Fund Units [CLL] Call Options [PUT] Put Options [WNT] Warrants [DBT] Debt [PRF] Preferred Shares [UND] Unidentified Security Type,text
SF3,calendardate,Y,Y,Calendar Date,The calendar date field represents the last day of the calendar quarter.,date (YYYY-MM-DD)
SF3,value,N,N,Value,The total USD value of the current line item.,USD
SF3,units,N,N,Units,The number of units in the current line item.,units
SF3,price,N,N,Price,The imputed price per unit of the current line item.,USD/share
SF3A,calendardate,Y,Y,Calendar Date,The calendar date field represents the last day of the calendar quarter.,date (YYYY-MM-DD)
SF3A,ticker,Y,Y,Ticker Symbol,The ticker is a unique identifer for an issuer in the database. Where a company is delisted and the ticker is recycled; we utilise that ticker for the currently active company and append a number to the ticker of the delisted company. For example GM represents the current actively traded General Motors entity; and GM1 represents the entity that filed for bankruptcy in 2009. Where we have identified that multiple classes of shares exist for a company; we include the alternative share classes in the Related Tickers field of the ticker listing. For example we provide data for GOOGL; and you find GOOG in the Related Ticker field. This should not be considered an exhaustive list of alternative share classes.,text
SF3A,name,N,N,Issuer Name,The name of the issuer.,text
SF3A,shrholders,N,N,Number of Shareholders (Institutional),The number of shareholders.,numeric
SF3A,cllholders,N,N,Number of Call holders (Institutional),The number of call holders.,numeric
SF3A,putholders,N,N,Number of Put holders (institutional),The number of put holders.,numeric
SF3A,wntholders,N,N,Number of Warrant holders (institutional),The number of warrant holders.,numeric
SF3A,dbtholders,N,N,Number of Debt holders (institutional),The number of debt holders.,numeric
SF3A,prfholders,N,N,Number of Preferred Stock holders (institutional),The number of preferred stock holders.,numeric
SF3A,fndholders,N,N,Number of Fund holders (institutional),The number of fund holders.,numeric
SF3A,undholders,N,N,Number of Unidentified Security type holders (institutional),The number of unidentified security type holders.,numeric
SF3A,shrunits,N,N,Number of Share Units held (institutional),The total number of share units held.,units
SF3A,cllunits,N,N,Number of Call Units held (institutional),The total number of call units held.,units
SF3A,putunits,N,N,Number of Put Units held (institutional),The total number of put units held.,units
SF3A,wntunits,N,N,Number of Warrant Units held (institutional),The total number of warrant units held.,units
SF3A,dbtunits,N,N,Number of Debt Units held (institutional),The total number of debt units held.,units
SF3A,prfunits,N,N,Number of Preferred Stock units held (institutional),The total number of preferred stock units held.,units
SF3A,fndunits,N,N,Number of Fund units held (institutional),The total number of fund units held.,units
SF3A,undunits,N,N,Number of Unidentified Security type units held (institutional),The total number of unidentified security type units held.,units
SF3A,shrvalue,N,N,Value of Share units held (institutional),The total value of share units held.,USD
SF3A,cllvalue,N,N,Value of Call units held (institutional),The total value of call units held.,USD
SF3A,putvalue,N,N,Value of Put units held (institutional),The total value of put units held.,USD
SF3A,wntvalue,N,N,Value of Warrant units held (institutional),The total value of warrant units held.,USD
SF3A,dbtvalue,N,N,Value of Debt units held (institutional),The total value of debt units held.,USD
SF3A,prfvalue,N,N,Value of Preferred Stock units held (institutional),The total value of preferred stock units held.,USD
SF3A,fndvalue,N,N,Value of Fund units held (institutional),The total value of fund units held.,USD
SF3A,undvalue,N,N,Value of Unidentified Security type units held (institutional),The total value of unidentified security type units held.,USD
SF3A,totalvalue,N,N,Total Value of all Security types held (institutional),The total value of all security types held.,USD
SF3A,percentoftotal,N,N,Percentage of Total Institutional Holdings for the Quarter,The percentage that the [TotalValue] of this line item constitutes of all institutional holdings for this quarter.,%
SF3B,calendardate,Y,N,Calendar Date,The calendar date field represents the last day of the calendar quarter.,date (YYYY-MM-DD)
SF3B,investorname,Y,N,Institutional Investor Name,The investor name is a unique identifier for the institutional investor.,text
SF3B,shrholdings,N,N,Number of Distinct Share holdings (institutional),The number of distinct share holdings held by the institution.,numeric
SF3B,cllholdings,N,N,Number of Distinct Call holdings (institutional),The number of distinct call holdings held by the institution.,numeric
SF3B,putholdings,N,N,Number of Distinct Put holdings (institutional),The number of distinct put holdings held by the institution.,numeric
SF3B,wntholdings,N,N,Number of Distinct Warrant holdings (institutional),The number of distinct warrant holdings held by the institution.,numeric
SF3B,dbtholdings,N,N,Number of Distinct Debt holdings (institutional),The number of distinct debt holdings held by the institution.,numeric
SF3B,prfholdings,N,N,Number of Distinct Preferred Stock holdings (institutional),The number of distinct preferred stock holdings held by the institution.,numeric
SF3B,fndholdings,N,N,Number of Distinct Fund holdings (institutional),The number of distinct fund holdings held by the institution.,numeric
SF3B,undholdings,N,N,Number of Distinct Unidentified Security type holdings (institutional),The number of distinct unidentified security types held by the institution.,numeric
SF3B,shrunits,N,N,Number of Share Units held (institutional),The total number of share units held.,units
SF3B,cllunits,N,N,Number of Call Units held (institutional),The total number of call units held.,units
SF3B,putunits,N,N,Number of Put Units held (institutional),The total number of put units held.,units
SF3B,wntunits,N,N,Number of Warrant Units held (institutional),The total number of warrant units held.,units
SF3B,dbtunits,N,N,Number of Debt Units held (institutional),The total number of debt units held.,units
SF3B,prfunits,N,N,Number of Preferred Stock units held (institutional),The total number of preferred stock units held.,units
SF3B,fndunits,N,N,Number of Fund units held (institutional),The total number of preferred stock units held.,units
SF3B,undunits,N,N,Number of Unidentified Security type units held (institutional),The total number of unidentified security type units held.,units
SF3B,shrvalue,N,N,Value of Share units held (institutional),The total value of share units held.,USD
SF3B,cllvalue,N,N,Value of Call units held (institutional),The total value of call units held.,USD
SF3B,putvalue,N,N,Value of Put units held (institutional),The total value of put units held.,USD
SF3B,wntvalue,N,N,Value of Warrant units held (institutional),The total value of warrant units held.,USD
SF3B,dbtvalue,N,N,Value of Debt units held (institutional),The total value of debt units held.,USD
SF3B,prfvalue,N,N,Value of Preferred Stock units held (institutional),The total value of preferred stock units held.,USD
SF3B,fndvalue,N,N,Value of Fund units held (institutional),The total value of fund units held.,USD
SF3B,undvalue,N,N,Value of Unidentified Security type units held (institutional),The total value of unidentified security type units held.,USD
SF3B,totalvalue,N,N,Total Value of all Security types held (institutional),The total value of unidentified security type units held.,USD
SF3B,percentoftotal,N,N,Percentage of Total Institutional Holdings for the Quarter,The percentage that the [TotalValue] of this line item constitutes of all institutional holdings for this quarter.,%
SFP,ticker,Y,Y,Ticker Symbol,The ticker is a unique identifer for an issuer in the database. Where a company is delisted and the ticker is recycled; we utilise that ticker for the currently active company and append a number to the ticker of the delisted company. For example GM represents the current actively traded General Motors entity; and GM1 represents the entity that filed for bankruptcy in 2009. Where we have identified that multiple classes of shares exist for a company; we include the alternative share classes in the Related Tickers field of the ticker listing. For example we provide data for GOOGL; and you find GOOG in the Related Ticker field. This should not be considered an exhaustive list of alternative share classes.,text
SFP,date,Y,Y,Price Date,The trade date of the price observations.,date (YYYY-MM-DD)
SFP,open,N,N,Open Price - Split Adjusted,"The opening share price, adjusted for stock splits and stock dividends.",USD/share
SFP,high,N,N,High Price - Split Adjusted,"The high share price, adjusted for stock splits and stock dividends.",USD/share
SFP,low,N,N,Low Price - Split Adjusted,"The low share price, adjusted for stock splits and stock dividends.",USD/share
SFP,close,N,N,Close Price - Split Adjusted,"The open share closing, adjusted for stock splits and stock dividends.",USD/share
SFP,volume,N,N,Volume - Split Adjusted,"The traded volume, adjusted for stock splits and stock dividends.",numeric
SFP,dividends,N,N,Dividends per Share - Split Adjusted,"The dividends per share unit, adjusted for stock splits and stock dividends. Includes spinoffs where identified.",USD/share
SFP,closeunadj,N,N,Close Price - Unadjusted,"The closing share price, not adjusted for stock splits and stock dividends.",USD/share
SFP,lastupdated,Y,N,Last Updated Date,"The last date at which this line item was updated, typically used to filter date to be retrieved for syncing to local records.",date (YYYY-MM-DD)
ACTIONS,date,Y,Y,Date,The date of the corporate action.,date (YYYY-MM-DD)
ACTIONS,action,Y,Y,Action,"The available action in this database is ""split"". We plan to support more actions in future updates, including ""merger"", ""acquisition"", ""spinoff"", ""bankruptcy"" and ""ipo"".",text
ACTIONS,ticker,Y,Y,Ticker Symbol,The ticker is a unique identifer for an issuer in the database. Where a company is delisted and the ticker is recycled; we utilise that ticker for the currently active company and append a number to the ticker of the delisted company. For example GM represents the current actively traded General Motors entity; and GM1 represents the entity that filed for bankruptcy in 2009. Where we have identified that multiple classes of shares exist for a company; we include the alternative share classes in the Related Tickers field of the ticker listing. For example we provide data for GOOGL; and you find GOOG in the Related Ticker field. This should not be considered an exhaustive list of alternative share classes.,text
ACTIONS,name,N,N,Issuer Name,The name of the issuer.,text
ACTIONS,value,N,N,Value,The ratio of the stock split.,numeric
ACTIONS,contraticker,Y,Y,Contra Ticker Symbol,"This is a placeholder for when we support additional corporate actions such as ""spinoff"" and will represent the ticker symbol of the company that has been spunoff.",text
ACTIONS,contraname,N,N,Contra Issuer Name,The name of the contra issuer.,text
DAILY,ticker,Y,Y,Ticker Symbol,The ticker is a unique identifer for an issuer in the database. Where a company is delisted and the ticker is recycled; we utilise that ticker for the currently active company and append a number to the ticker of the delisted company. For example GM represents the current actively traded General Motors entity; and GM1 represents the entity that filed for bankruptcy in 2009. Where we have identified that multiple classes of shares exist for a company; we include the alternative share classes in the Related Tickers field of the ticker listing. For example we provide data for GOOGL; and you find GOOG in the Related Ticker field. This should not be considered an exhaustive list of alternative share classes.,text
DAILY,date,Y,Y,Price Date,"The trade date of the price observations used in determining [MarketCap], [PE], [PS] etc.",date (YYYY-MM-DD)
DAILY,lastupdated,Y,N,Last Updated Date,"The last date at which this line item was updated, typically used to filter date to be retrieved for syncing to local records.",date (YYYY-MM-DD)
DAILY,ev,N,N,Enterprise Value - Daily,"Enterprise value is a measure of the value of a business as a whole; calculated as [MarketCap] plus [DebtUSD] minus [CashnEqUSD]. [MarketCap] is calculated by us, and the remaining figures are sourced from the most recent SEC form 10 filings.",USD millions
DAILY,evebit,N,N,Enterprise Value over EBIT - Daily,Measures the ratio between [EV] and [EBITUSD]. EBITUSD is derived from the most recent SEC form 10 filings.,ratio
DAILY,evebitda,N,N,Enterprise Value over EBITDA - Daily,Measures the ratio between [EV] and [EBITDAUSD]. EBITDAUSD is derived from the most recent SEC form 10 filings.,USD millions
DAILY,marketcap,N,N,Market Capitalization - Daily,Represents the product of [SharesBas]; [Price] and [ShareFactor]. [SharesBas] is sourced from the most recent SEC form 10 filing.,USD millions
DAILY,pb,N,N,Price to Book Value - Daily,Measures the ratio between [MarketCap] and [EquityUSD]. [EquityUSD] is sourced from the most recent SEC form 10 filing.,ratio
DAILY,pe,N,N,Price Earnings (Damodaran Method) - Daily,Measures the ratio between [MarketCap] and [NetIncCmnUSD]. [NetIncCmnUSD] is sourced from the most recent SEC form 10 filings.,ratio
DAILY,ps,N,N,Price Sales (Damodaran Method) - Daily,Measures the ratio between [MarketCap] and [RevenueUSD]. [RevenueUSD] is sourced from the most recent SEC form 10 filings.,ratio
EVENTCODES,11,N,N,Entry into a Material Definitive Agreement,EventCode to Title mapping for EVENTS table.,text
EVENTCODES,12,N,N,Termination of a Material Definitive Agreement,EventCode to Title mapping for EVENTS table.,text
EVENTCODES,13,N,N,Bankruptcy or Receivership,EventCode to Title mapping for EVENTS table.,text
EVENTCODES,14,N,N,Mine Safety - Reporting of Shutdowns and Patterns of Violations,EventCode to Title mapping for EVENTS table.,text
EVENTCODES,15,N,N,Receipt of an Attorney's Written Notice Pursuant to 17 CFR 205.3(d) ,EventCode to Title mapping for EVENTS table.,text
EVENTCODES,21,N,N,Completion of Acquisition or Disposition of Assets,EventCode to Title mapping for EVENTS table.,text
EVENTCODES,22,N,N,Results of Operations and Financial Condition,EventCode to Title mapping for EVENTS table.,text
EVENTCODES,23,N,N,Creation of a Direct Financial Obligation or an Obligation under an Off-Balance Sheet Arrangement of a Registrant,EventCode to Title mapping for EVENTS table.,text
EVENTCODES,24,N,N,Triggering Events That Accelerate or Increase a Direct Financial Obligation or an Obligation under an Off-Balance Sheet Arrangement,EventCode to Title mapping for EVENTS table.,text
EVENTCODES,25,N,N,Cost Associated with Exit or Disposal Activities,EventCode to Title mapping for EVENTS table.,text
EVENTCODES,26,N,N,Material Impairments,EventCode to Title mapping for EVENTS table.,text
EVENTCODES,31,N,N,Notice of Delisting or Failure to Satisfy a Continued Listing Rule or Standard; Transfer of Listing,EventCode to Title mapping for EVENTS table.,text
EVENTCODES,32,N,N,Unregistered Sales of Equity Securities,EventCode to Title mapping for EVENTS table.,text
EVENTCODES,33,N,N,Material Modifications to Rights of Security Holders,EventCode to Title mapping for EVENTS table.,text
EVENTCODES,34,N,N,Schedule 13G Filing,EventCode to Title mapping for EVENTS table.,text
EVENTCODES,35,N,N,Schedule 13D Filing,EventCode to Title mapping for EVENTS table.,text
EVENTCODES,36,N,N,Notice under Rule 12b25 of inability to timely file all or part of a Form 10-K or 10-Q,EventCode to Title mapping for EVENTS table.,text
EVENTCODES,40,N,N,Changes in Registrant's Certifying Accountant,EventCode to Title mapping for EVENTS table.,text
EVENTCODES,41,N,N,Changes in Registrant's Certifying Accountant,EventCode to Title mapping for EVENTS table.,text
EVENTCODES,42,N,N,Non-Reliance on Previously Issued Financial Statements or a Related Audit Report or Completed Interim Review,EventCode to Title mapping for EVENTS table.,text
EVENTCODES,51,N,N,Changes in Control of Registrant,EventCode to Title mapping for EVENTS table.,text
EVENTCODES,52,N,N,Departure of Directors or Certain Officers; Election of Directors; Appointment of Certain Officers: Compensatory Arrangements of Certain Officers,EventCode to Title mapping for EVENTS table.,text
EVENTCODES,53,N,N,Amendments to Articles of Incorporation or Bylaws; and/or Change in Fiscal Year,EventCode to Title mapping for EVENTS table.,text
EVENTCODES,54,N,N,Temporary Suspension of Trading Under Registrant's Employee Benefit Plans,EventCode to Title mapping for EVENTS table.,text
EVENTCODES,55,N,N,Amendments to the Registrant's Code of Ethics; or Waiver of a Provision of the Code of Ethics,EventCode to Title mapping for EVENTS table.,text
EVENTCODES,56,N,N,Change in Shell Company Status,EventCode to Title mapping for EVENTS table.,text
EVENTCODES,57,N,N,Submission of Matters to a Vote of Security Holders,EventCode to Title mapping for EVENTS table.,text
EVENTCODES,58,N,N,Shareholder Nominations Pursuant to Exchange Act Rule 14a-11,EventCode to Title mapping for EVENTS table.,text
EVENTCODES,61,N,N,ABS Informational and Computational Material,EventCode to Title mapping for EVENTS table.,text
EVENTCODES,62,N,N,Change of Servicer or Trustee,EventCode to Title mapping for EVENTS table.,text
EVENTCODES,63,N,N,Change in Credit Enhancement or Other External Support,EventCode to Title mapping for EVENTS table.,text
EVENTCODES,64,N,N,Failure to Make a Required Distribution,EventCode to Title mapping for EVENTS table.,text
EVENTCODES,65,N,N,Securities Act Updating Disclosure,EventCode to Title mapping for EVENTS table.,text
EVENTCODES,71,N,N,Regulation FD Disclosure,EventCode to Title mapping for EVENTS table.,text
EVENTCODES,81,N,N,Other Events,EventCode to Title mapping for EVENTS table.,text
EVENTCODES,91,N,N,Financial Statements and Exhibits,EventCode to Title mapping for EVENTS table.,text
EVENTCODES,37,N,N,Tender Offer Statement under Section 14(d)(1) or 13(e)(1) of the Securities Exchange Act of 1934,EventCode to Title mapping for EVENTS table.,text
EVENTS,date,Y,Y,Filing Date,The date of the form 8 SEC filing.,date (YYYY-MM-DD)
EVENTS,ticker,Y,Y,Ticker Symbol,The ticker is a unique identifer for an issuer in the database. Where a company is delisted and the ticker is recycled; we utilise that ticker for the currently active company and append a number to the ticker of the delisted company. For example GM represents the current actively traded General Motors entity; and GM1 represents the entity that filed for bankruptcy in 2009. Where we have identified that multiple classes of shares exist for a company; we include the alternative share classes in the Related Tickers field of the ticker listing. For example we provide data for GOOGL; and you find GOOG in the Related Ticker field. This should not be considered an exhaustive list of alternative share classes.,text
EVENTS,eventcodes,N,N,Material Corporate Events,"Each type of event is assigned a 2-digit numeric code which are described in this INDICATORS table where the table field equals ""EVENTCODES"".",text
INDICATORS,table,Y,Y,Sharadar Table,"The database table which the ticker is featured in. Examples are: ""SF1"" or ""SEP"".	",text
INDICATORS,indicator,Y,Y,Indicator Code,,text
INDICATORS,isfilter,Y,Y,Is Filter?,,Y/N
INDICATORS,isprimarykey,Y,Y,Is Primary Key?,,Y/N
INDICATORS,title,N,N,Indicator Title,,text
INDICATORS,description,N,N,Indicator Description,,text
INDICATORS,unittype,N,N,Indicator Unit Type,,text
SEP,ticker,Y,Y,Ticker Symbol,The ticker is a unique identifer for an issuer in the database. Where a company is delisted and the ticker is recycled; we utilise that ticker for the currently active company and append a number to the ticker of the delisted company. For example GM represents the current actively traded General Motors entity; and GM1 represents the entity that filed for bankruptcy in 2009. Where we have identified that multiple classes of shares exist for a company; we include the alternative share classes in the Related Tickers field of the ticker listing. For example we provide data for GOOGL; and you find GOOG in the Related Ticker field. This should not be considered an exhaustive list of alternative share classes.,text
SEP,date,Y,Y,Price Date,The trade date of the price observations.,date (YYYY-MM-DD)
SEP,open,N,N,Open Price - Split Adjusted,"The opening share price, adjusted for stock splits and stock dividends.",USD/share
SEP,high,N,N,High Price - Split Adjusted,"The high share price, adjusted for stock splits and stock dividends.",USD/share
SEP,low,N,N,Low Price - Split Adjusted,"The low share price, adjusted for stock splits and stock dividends.",USD/share
SEP,close,N,N,Close Price - Split Adjusted,"The open share closing, adjusted for stock splits and stock dividends.",USD/share
SEP,volume,N,N,Volume - Split Adjusted,"The traded volume, adjusted for stock splits and stock dividends.",numeric
SEP,dividends,N,N,Dividends per Share - Split Adjusted,"The dividends per share unit, adjusted for stock splits and stock dividends. Includes spinoffs where identified.",USD/share
SEP,closeunadj,N,N,Close Price - Unadjusted,"The closing share price, not adjusted for stock splits and stock dividends.",USD/share
SEP,lastupdated,Y,N,Last Updated Date,"The last date at which this line item was updated, typically used to filter date to be retrieved for syncing to local records.",date (YYYY-MM-DD)
SP500,date,Y,Y,Date,The action date.,date (YYYY-MM-DD)
SP500,action,Y,Y,Action,"The available actions in this database are: ""current"", ""added"" and ""removed"".",text
SP500,ticker,Y,Y,Ticker Symbol,The ticker is a unique identifer for an issuer in the database. Where a company is delisted and the ticker is recycled; we utilise that ticker for the currently active company and append a number to the ticker of the delisted company. For example GM represents the current actively traded General Motors entity; and GM1 represents the entity that filed for bankruptcy in 2009. Where we have identified that multiple classes of shares exist for a company; we include the alternative share classes in the Related Tickers field of the ticker listing. For example we provide data for GOOGL; and you find GOOG in the Related Ticker field. This should not be considered an exhaustive list of alternative share classes.,text
SP500,name,N,N,Issuer Name,The name of the issuer.,text
SP500,contraticker,Y,N,Contra Ticker Symbol,"The contra ticker is the opposing ticker entry. It represents the ticker that has been removed where the action=""added"", and the ticker that has been added where the action=""removed"".",text
SP500,contraname,N,N,Contra Issuer Name,The name of the contra issuer.,text
SP500,note,N,N,Notes,Placeholder for notes and additional information regarding additions to and removals from the S&P500.,text
TICKERS,table,Y,Y,Sharadar Table,"The database table which the ticker is featured in. Examples are: ""SF1"" or ""SEP.",text
TICKERS,permaticker,Y,Y,Permanent Ticker Symbol,The permaticker is a unique and unchanging identifier for an issuer in the dataset which is issued by Sharadar.,text
TICKERS,ticker,Y,Y,Ticker Symbol,The ticker is a unique identifer for an issuer in the database. Where a company is delisted and the ticker is recycled; we utilise that ticker for the currently active company and append a number to the ticker of the delisted company. For example GM represents the current actively traded General Motors entity; and GM1 represents the entity that filed for bankruptcy in 2009. Where we have identified that multiple classes of shares exist for a company; we include the alternative share classes in the Related Tickers field of the ticker listing. For example we provide data for GOOGL; and you find GOOG in the Related Ticker field. This should not be considered an exhaustive list of alternative share classes.,text
TICKERS,name,N,N,Issuer Name,The name of the security issuer.,text
TICKERS,exchange,N,N,Stock Exchange,"The exchange on which the security trades. Examples are: ""NASDAQ"";""NYSE"";""NYSEARCA"";""BATS"";""OTC"" and ""NYSEMKT"" (previously the American Stock exchange).",text
TICKERS,isdelisted,N,N,Is Delisted?,Is the security delisted? [Y]es or [N]o.,Y/N
TICKERS,category,N,N,Issuer Category,"The category of the issuer: ""Domestic""; ""Canadian"" or ""ADR"".",text
TICKERS,cusips,N,N,CUSIPs,A security identifier. Space delimited in the event of multiple identifiers.,text
TICKERS,siccode,N,N,Standard Industrial Classification (SIC) Code,The Standard Industrial Classification (SIC) is a system for classifying industries by a four-digit code; as sourced from SEC filings. More on the SIC system here: https://en.wikipedia.org/wiki/Standard_Industrial_Classification ,text
TICKERS,sicsector,N,N,SIC Sector,The SIC sector is based on the SIC code and the division tabled here: https://en.wikipedia.org/wiki/Standard_Industrial_Classification ,text
TICKERS,sicindustry,N,N,SIC Industry,The SIC industry is based on the SIC code and the industry tabled here: https://www.sec.gov/info/edgar/siccodes.htm,text
TICKERS,famasector,N,N,Fama Sector,Not currently active - coming in a future update.,text
TICKERS,famaindustry,N,N,Fama Industry,Industry classifications based on the SIC code and classifications by Fama and French here: http://mba.tuck.dartmouth.edu/pages/faculty/ken.french/Data_Library/det_48_ind_port.html,text
TICKERS,sector,N,N,Sector,Sharadar's sector classification based on SIC codes in a format which approximates to GICS.,text
TICKERS,industry,N,N,Industry,Sharadar's industry classification based on SIC codes in a format which approximates to GICS.,text
TICKERS,scalemarketcap,N,N,Company Scale - Market Cap,This field is experimental and subject to change. It categorises the company according to it's maximum observed market cap as follows: 1 - Nano <$50m; 2 - Micro < $300m; 3 - Small < $2bn; 4 - Mid <$10bn; 5 - Large < $200bn; 6 - Mega >= $200bn,text
TICKERS,scalerevenue,N,N,Company Scale - Revenue,This field is experimental and subject to change. It categorises the company according to it's maximum observed annual revenue as follows: 1 - Nano <$50m; 2 - Micro < $300m; 3 - Small < $2bn; 4 - Mid <$10bn; 5 - Large < $200bn; 6 - Mega >= $200bn,text
TICKERS,relatedtickers,N,N,Related Tickers,Where related tickers have been identified this field is populated. Related tickers can include the prior ticker before a ticker change; and it tickers for alternative share classes.,text
TICKERS,currency,N,N,Currency,The company functional reporting currency for the SF1 Fundamentals table or the currency for EOD prices in SEP and SFP.,text
TICKERS,location,N,N,Location,The company location as registered with the Securities and Exchange Commission.,text
TICKERS,lastupdated,Y,N,Last Updated Date,Last Updated represents the last date that this database entry was updated; which is useful to users when updating their local records.,date (YYYY-MM-DD)
TICKERS,firstadded,N,N,First Added Date,The date that the ticker was first added to coverage in the dataset.,date (YYYY-MM-DD)
TICKERS,firstpricedate,N,N,First Price Date,The date of the first price observation for a given ticker. Can be used as a proxy for IPO date. Minimum value of 1986-01-01 for IPO's that occurred prior to this date. Note: this does not necessarily represent the first price date available in our datasets since our end of day price history currently starts in December 1998.,date (YYYY-MM-DD)
TICKERS,lastpricedate,N,N,Last Price Date,The most recent price observation available.,date (YYYY-MM-DD)
TICKERS,firstquarter,N,N,First Quarter,The first financial quarter available in the dataset.,date (YYYY-MM-DD)
TICKERS,lastquarter,N,N,Last Quarter,The last financial quarter available in the dataset.,date (YYYY-MM-DD)
TICKERS,secfilings,N,N,SEC Filings URL,The URL pointing to the SEC filings which also contains the Central Index Key (CIK).,text
TICKERS,companysite,N,N,Company Website URL,The URL pointing to the company website.,text
